# input	status	name	qty	unit	pkg	alts	flags	group	set	seen
3 cups low-sodium vegetable broth	ready	low-sodium vegetable broth	3	cup	-	-	-	plain	r1-main	held
1 1/2 cups whole wheat flour	ready	whole wheat flour	3/2	cup	-	-	-	plain	r1-main	held
2 teaspoons ground cinnamon	ready	ground cinnamon	2	tsp	-	-	-	plain	r1-main	held
1/4 teaspoon ground nutmeg	ready	ground nutmeg	1/4	tsp	-	-	-	plain	r1-main	held
3 tablespoons unsalted butter, melted	ready	unsalted butter	3	tbsp	-	-	-	plain	r1-main	held
2 large eggs, lightly beaten	ready	eggs	2	each	-	-	-	plain	r1-main	held
1 cup packed light brown sugar	ready	packed light brown sugar|light brown sugar	1	cup	-	-	-	plain	r1-main	held
1/2 cup heavy whipping cream	ready	heavy whipping cream	1/2	cup	-	-	-	plain	r1-main	held
4 ounces cream cheese, at room temperature	ready	cream cheese	4	oz	-	-	-	plain	r1-main	held
1 tablespoon whole-grain Dijon mustard	ready	whole-grain Dijon mustard	1	tbsp	-	-	-	plain	r1-main	held
4 cloves garlic, finely grated	ready	garlic	4	clove	-	-	-	plain	r1-main	held
1 medium yellow onion, finely diced	ready	yellow onion	1	each	-	-	-	plain	r1-main	held
1 1/2 pounds boneless skinless chicken thighs	ready	boneless skinless chicken thighs	3/2	lb	-	-	-	plain	r1-main	held
2 cups cooked jasmine rice	ready	jasmine rice	2	cup	-	-	-	plain	r1-main	held
1 can (14.5 oz) fire-roasted diced tomatoes	ready	fire-roasted diced tomatoes	1	can	14.5 oz	-	-	plain	r1-main	held
1/3 cup extra virgin olive oil	ready	extra virgin olive oil	1/3	cup	-	-	-	plain	r1-main	held
2 tablespoons fresh lime juice	ready	fresh lime juice|lime juice	2	tbsp	-	-	-	plain	r1-main	held
1 1/4 teaspoons Diamond Crystal kosher salt	ready	Diamond Crystal kosher salt|kosher salt	5/4	tsp	-	-	-	plain	r1-main	held
1/2 teaspoon freshly cracked black pepper	ready	freshly cracked black pepper|black pepper|cracked black pepper	1/2	tsp	-	-	-	plain	r1-main	held
6 slices thick-cut bacon, chopped	ready	thick-cut bacon	6	slice	-	-	-	plain	r1-main	held
1 cup frozen sweet corn	ready	frozen sweet corn	1	cup	-	-	-	plain	r1-main	held
2 ripe Hass avocados	ready	Hass avocados|ripe Hass avocados	2	each	-	-	-	plain	r1-main	held
1 English cucumber, sliced	ready	English cucumber	1	each	-	-	-	plain	r1-main	held
8 oz cremini mushrooms, quartered	ready	cremini mushrooms	8	oz	-	-	-	plain	r1-main	held
1 bunch lacinato kale, stems removed	ready	lacinato kale	1	bunch	-	-	-	plain	r1-main	held
3 scallions, thinly sliced on the bias	ready	scallions	3	each	-	-	-	plain	r1-main	held
1 tablespoon toasted sesame oil	ready	toasted sesame oil	1	tbsp	-	-	-	plain	r1-main	held
2 teaspoons baking soda	ready	baking soda	2	tsp	-	-	-	plain	r1-main	held
1 1/4 teaspoons baking powder	ready	baking powder	5/4	tsp	-	-	-	plain	r1-main	held
1/2 cup plain whole-milk Greek yogurt	ready	plain whole-milk Greek yogurt	1/2	cup	-	-	-	plain	r1-main	held
1 cup shredded sharp white cheddar	ready	shredded sharp white cheddar	1	cup	-	-	-	plain	r1-main	held
1/4 cup grated Pecorino Romano	ready	grated Pecorino Romano|Pecorino Romano	1/4	cup	-	-	-	plain	r1-main	held
2 tablespoons chopped fresh tarragon	ready	chopped fresh tarragon|fresh tarragon|tarragon	2	tbsp	-	-	-	plain	r1-main	held
1 teaspoon sweet paprika	ready	sweet paprika	1	tsp	-	-	-	plain	r1-main	held
1/2 teaspoon crushed red pepper flakes	ready	crushed red pepper flakes|red pepper flakes	1/2	tsp	-	-	-	plain	r1-main	held
1 lb 85% lean ground turkey	ready	85% lean ground turkey	1	lb	-	-	-	plain	r1-main	held
5 cups baby arugula, loosely packed	ready	baby arugula	5	cup	-	-	-	plain	r1-main	held
1 pint grape tomatoes, halved	ready	grape tomatoes	1	pint	-	-	-	plain	r1-main	held
3 tbsp pure maple syrup	ready	pure maple syrup	3	tbsp	-	-	-	plain	r1-main	held
1 tsp almond extract	ready	almond extract	1	tsp	-	-	-	plain	r1-main	held
2 1/4 cups unbleached all-purpose flour	ready	unbleached all-purpose flour	9/4	cup	-	-	-	plain	r1-main	held
1/2 cup bittersweet chocolate chips	ready	bittersweet chocolate chips	1/2	cup	-	-	-	plain	r1-main	held
1 cup steel-cut oats	ready	steel-cut oats	1	cup	-	-	-	plain	r1-main	held
1 15-ounce can cannellini beans, rinsed	ready	cannellini beans	1	can	15 oz	-	-	plain	r1-main	held
4 bone-in pork chops	ready	bone-in pork chops	4	each	-	-	-	plain	r1-main	held
1 orange, zested and juiced	ready	orange	1	each	-	-	-	plain	r1-main	held
2 tbsp nonpareil capers, rinsed	ready	nonpareil capers	2	tbsp	-	-	-	plain	r1-main	held
1/4 cup chopped pistachios	ready	chopped pistachios|pistachios	1/4	cup	-	-	-	plain	r1-main	held
1 cup unsweetened oat milk	ready	unsweetened oat milk	1	cup	-	-	-	plain	r1-main	held
2 tsp Thai fish sauce	ready	Thai fish sauce	2	tsp	-	-	-	plain	r1-main	held
1 tablespoon seasoned rice vinegar	ready	seasoned rice vinegar	1	tbsp	-	-	-	plain	r1-main	held
1 serrano chile, seeded and minced	ready	serrano chile	1	each	-	-	-	plain	r1-main	held
1/2 small red onion, very thinly sliced	ready	red onion	1/2	each	-	-	-	plain	r1-main	held
6 cups homemade chicken stock	ready	homemade chicken stock|chicken stock	6	cup	-	-	-	plain	r1-main	held
2 sprigs fresh marjoram	ready	fresh marjoram|marjoram	2	sprig	-	-	-	plain	r1-main	held
1/2 cup dry vermouth	ready	dry vermouth	1/2	cup	-	-	-	plain	r1-main	held
1 tbsp arrowroot powder	ready	arrowroot powder	1	tbsp	-	-	-	plain	r1-main	held
3 tbsp ice water	ready	ice water	3	tbsp	-	-	-	plain	r1-main	held
1 cup Japanese panko	ready	Japanese panko	1	cup	-	-	-	plain	r1-main	held
1/3 cup Kewpie mayonnaise	ready	Kewpie mayonnaise	1/3	cup	-	-	-	plain	r1-main	held
1 tsp cumin seeds	ready	cumin seeds	1	tsp	-	-	-	plain	r1-main	held
1/2 tsp dried marjoram	ready	dried marjoram	1/2	tsp	-	-	-	plain	r1-main	held
1 can (13.66 oz) full-fat coconut milk	ready	full-fat coconut milk	1	can	683/50 oz	-	-	plain	r1-main	held
3 cups cauliflower florets	ready	cauliflower florets	3	cup	-	-	-	plain	r1-main	held
1 large sweet potato, peeled and cut into 1-inch cubes	ready	sweet potato	1	each	-	-	-	plain	r1-main	held
12 oz uncooked rigatoni	ready	rigatoni	12	oz	-	-	-	plain	r1-main	held
5 cups cold water	ready	cold water|water	5	cup	-	-	-	plain	r1-main	held
1 cup whole-milk ricotta	ready	whole-milk ricotta	1	cup	-	-	-	plain	r1-main	held
2/3 cup crème fraîche	ready	crème fraîche	2/3	cup	-	-	-	plain	r1-main	held
3 tablespoons wildflower honey	ready	wildflower honey	3	tbsp	-	-	-	plain	r1-main	held
1 teaspoon onion powder	ready	onion powder	1	tsp	-	-	-	plain	r1-main	held
1/4 cup packed fresh mint leaves	ready	packed fresh mint leaves|fresh mint leaves|mint leaves	1/4	cup	-	-	-	plain	r1-main	held
3 limes, cut into wedges	ready	limes	3	each	-	-	-	plain	r1-main	held
10 small flour tortillas	ready	flour tortillas	10	each	-	-	-	plain	r1-main	held
2 pounds Yukon Gold potatoes, scrubbed	ready	Yukon Gold potatoes	2	lb	-	-	-	plain	r1-main	held
1 1/2 cups frozen edamame, thawed	ready	frozen edamame	3/2	cup	-	-	-	plain	r1-main	held
1/3 cup dried currants	ready	dried currants	1/3	cup	-	-	-	plain	r1-main	held
2 tbsp double-concentrated tomato paste	ready	double-concentrated tomato paste	2	tbsp	-	-	-	plain	r1-main	held
3 cups shredded cooked turkey	ready	shredded turkey|turkey|shredded cooked turkey	3	cup	-	-	-	plain	r1-main	held
2 large egg whites	ready	egg whites	2	each	-	-	-	plain	r1-main	held
1/4 cup cake flour	ready	cake flour	1/4	cup	-	-	-	plain	r1-main	held
1 3/4 cups kefir	ready	kefir	7/4	cup	-	-	-	plain	r1-main	held
1/8 tsp ground cardamom	ready	ground cardamom	1/8	tsp	-	-	-	plain	r1-main	held
2 tsp ancho chile powder	ready	ancho chile powder	2	tsp	-	-	-	plain	r1-main	held
1 cup vodka sauce	ready	vodka sauce	1	cup	-	-	-	plain	r1-main	held
10 ounces orecchiette	ready	orecchiette	10	oz	-	-	-	plain	r1-main	held
1 cup diced celery root	ready	diced celery root|celery root	1	cup	-	-	-	plain	r1-main	held
1 small head radicchio	ready	radicchio	1	head	-	-	-	plain	r1-main	held
4 cups torn sourdough bread	ready	torn sourdough bread|sourdough bread	4	cup	-	-	-	plain	r1-main	held
1/2 cup pitted Castelvetrano olives	ready	pitted Castelvetrano olives|Castelvetrano olives	1/2	cup	-	-	-	plain	r1-main	held
3 oz thinly sliced speck	ready	thinly sliced speck|sliced speck|speck	3	oz	-	-	-	plain	r1-main	held
1 cup crumbled blue cheese	ready	crumbled blue cheese|blue cheese	1	cup	-	-	-	plain	r1-main	held
4 plum tomatoes, cored	ready	plum tomatoes	4	each	-	-	-	plain	r1-main	held
1 tsp flaky sea salt	ready	flaky sea salt	1	tsp	-	-	-	plain	r1-main	held
1/2 cup salted roasted cashews	ready	salted roasted cashews	1/2	cup	-	-	-	plain	r1-main	held
1 pint fresh raspberries	ready	fresh raspberries|raspberries	1	pint	-	-	-	plain	r1-main	held
1 quart low-fat buttermilk	ready	low-fat buttermilk	1	quart	-	-	-	plain	r1-main	held
1/2 gallon apple cider	ready	apple cider	1/2	gallon	-	-	-	plain	r1-main	held
200 g burrata	ready	burrata	200	g	-	-	-	plain	r1-main	held
1.2 kg beef short rib	ready	beef short rib	6/5	kg	-	-	-	plain	r1-main	held
750 ml passata	ready	passata	750	ml	-	-	-	plain	r1-main	held
3 dl single cream	ready	single cream	3	dl	-	-	-	plain	r1-main	held
0.75 l sparkling water	ready	sparkling water	3/4	l	-	-	-	plain	r1-main	held
60 g icing sugar	ready	icing sugar	60	g	-	-	-	plain	r1-main	held
1 tsp sumac	ready	sumac	1	tsp	-	-	-	plain	r1-main	held
3 pieces candied ginger, chopped	ready	candied ginger	3	piece	-	-	-	plain	r1-main	held
2 heads Belgian endive	ready	Belgian endive	2	head	-	-	-	plain	r1-main	held
4 ears sweet corn, husked	ready	sweet corn	4	ear	-	-	-	plain	r1-main	held
Freshly grated nutmeg, for serving	ready	freshly grated nutmeg|nutmeg|grated nutmeg	-	-	-	-	-	plain	r1-main	held
Nonstick cooking spray	needs_review	nonstick cooking spray	-	-	-	-	-	plain	r1-main	held
Cornmeal, for dusting the pan	ready	cornmeal	-	-	-	-	-	plain	r1-main	held
Canola oil, for deep-frying	ready	canola oil	-	-	-	-	-	plain	r1-main	held
Chopped fresh chives (optional)	needs_review	chopped fresh chives|fresh chives|chives	-	-	-	-	-	plain	r1-main	held
1 cup whole milk, warmed	ready	whole milk	1	cup	-	-	-	plain	r1-main	held
2 tablespoons cold unsalted butter, cubed	ready	cold unsalted butter|unsalted butter	2	tbsp	-	-	-	plain	r1-main	held
1 (16 oz) package frozen mixed vegetables	ready	frozen mixed vegetables	1	package	16 oz	-	-	plain	r1-main	held
1/4 cup sliced almonds, toasted	ready	sliced almonds	1/4	cup	-	-	-	plain	r1-main	held
a half cup of granulated sugar	ready	granulated sugar	1/2	cup	-	-	-	A-fracword	r1-main	held
half cup chopped pecans	ready	chopped pecans|pecans	1/2	cup	-	-	-	A-fracword	r1-main	held
a quarter-cup olive oil	ready	olive oil	1/4	cup	-	-	-	A-fracword	r1-main	held
quarter cup clover honey	ready	clover honey	1/4	cup	-	-	-	A-fracword	r1-main	held
a third cup warm water	ready	warm water|water	1/3	cup	-	-	-	A-fracword	r1-main	held
one-third cup dark brown sugar	ready	dark brown sugar	1/3	cup	-	-	-	A-fracword	r1-main	held
two-thirds cup evaporated milk	ready	evaporated milk	2/3	cup	-	-	-	A-fracword	r1-main	held
three-quarters cup bread flour	ready	bread flour	3/4	cup	-	-	-	A-fracword	r1-main	held
three quarter cup heavy cream	ready	heavy cream	3/4	cup	-	-	-	A-fracword	r1-main	held
one-half teaspoon fine salt	ready	fine salt	1/2	tsp	-	-	-	A-fracword	r1-main	held
one-quarter teaspoon ground allspice	ready	ground allspice	1/4	tsp	-	-	-	A-fracword	r1-main	held
a half-teaspoon vanilla bean paste	ready	vanilla bean paste	1/2	tsp	-	-	-	A-fracword	r1-main	held
half teaspoon cream of tartar	ready	cream of tartar	1/2	tsp	-	-	-	A-fracword	r1-main	held
a half tablespoon ghee	ready	ghee	1/2	tbsp	-	-	-	A-fracword	r1-main	held
1 half-pound ground lamb	ready	ground lamb	1/2	lb	-	-	-	A-fracword	r1-main	held
a half-pound ground veal	ready	ground veal	1/2	lb	-	-	-	A-fracword	r1-main	held
a quarter-pound unsalted butter	ready	unsalted butter	1/4	lb	-	-	-	A-fracword	r1-main	held
2 half-cups heavy cream	ready	heavy cream	1	cup	-	-	-	A-fracword	r1-main	held
3 quarter-cups rolled oats	ready	rolled oats	3/4	cup	-	-	-	A-fracword	r1-main	held
4 quarter-pound burger patties	ready	burger patties	4	each	-	-	-	A-fracword	r1-main	held
2 half-pound strip steaks	ready	strip steaks	2	each	-	-	-	A-fracword	r1-main	seen
a half-gallon container orange juice	ready	orange juice	1	container	1/2 gallon	-	-	A-fracword	r1-main	held
one half-gallon bottle apple cider	ready	apple cider	1	bottle	1/2 gallon	-	-	A-fracword	r1-main	held
half-dozen large eggs	ready	eggs	6	each	-	-	-	A-fracword	r1-main	held
a half dozen bagels	ready	bagels	6	each	-	-	-	A-fracword	r1-main	held
half a dozen dinner rolls	ready	dinner rolls	6	each	-	-	-	A-fracword	r1-main	held
Half-and-half, 1 cup	ready	Half-and-half	1	cup	-	-	-	A-fracword	r1-main	held
3 tbsp half and half	ready	half and half	3	tbsp	-	-	-	A-fracword	r1-main	held
half a cup coconut cream	ready	coconut cream	1/2	cup	-	-	-	A-fracword	r1-main	held
Half cup diced red onion	ready	diced red onion|red onion	1/2	cup	-	-	-	A-fracword	r1-main	held
Three-quarter cup buttermilk	ready	buttermilk	3/4	cup	-	-	-	A-fracword	r1-main	held
a half-inch piece fresh ginger	ready	fresh ginger|ginger	1	piece	-	-	-	A-fracword	r1-main	seen
2 half-inch slices brioche	ready	brioche	2	slice	-	-	-	A-fracword	r1-main	held
1 cup pecan halves	ready	pecan halves	1	cup	-	-	-	A-fracword	r1-main	held
1 (15 oz) can pear halves in juice	ready	pear halves in juice|pear halves	1	can	15 oz	-	-	A-fracword	r1-main	held
8 dried apricot halves	ready	dried apricot halves	8	each	-	-	-	A-fracword	r1-main	held
2 chicken leg quarters	ready	chicken leg quarters	2	each	-	-	-	A-fracword	r1-main	held
a quarter pound of pancetta	ready	pancetta	1/4	lb	-	-	-	A-fracword	r1-main	held
half pound of shiitake mushrooms	ready	shiitake mushrooms	1/2	lb	-	-	-	A-fracword	r1-main	held
one and a half cups whole milk	ready	whole milk	3/2	cup	-	-	D	A-fracword	r1-main	held
a half-cup (1 stick) salted butter	ready	salted butter	1/2	cup	-	-	-	A-fracword	r1-main	held
a quarter-cup (60 ml) fresh lemon juice	ready	fresh lemon juice|lemon juice	1/4	cup	-	-	-	A-fracword	r1-main	held
half of a lemon	ready	lemon	1/2	each	-	-	D	A-fracword	r1-main	held
2x cups chicken stock	ready	chicken stock	2	cup	-	-	-	A-mult	r1-main	held
1x tbsp honey	ready	honey	1	tbsp	-	-	-	A-mult	r1-main	held
2 x lemons	ready	lemons	2	each	-	-	-	A-mult	r1-main	held
4 x garlic cloves	ready	garlic	4	clove	-	-	-	A-mult	r1-main	held
1 x 400g tin chopped tomatoes	ready	chopped tomatoes	1	tin	400 g	-	-	A-mult	r1-main	held
2 x 225 g packets halloumi	ready	halloumi	2	packet	225 g	-	-	A-mult	r1-main	held
3 × 120g pots natural yoghurt	ready	natural yoghurt	3	container	120 g	-	D	A-mult	r1-main	held
2 x 1 kg bags plain flour	ready	plain flour	2	bag	1 kg	-	-	A-mult	r1-main	held
onions x 2	ready	onions	2	each	-	-	-	A-mult	r1-main	held
carrots x3	ready	carrots	3	each	-	-	-	A-mult	r1-main	held
limes (x4)	ready	limes	4	each	-	-	-	A-mult	r1-main	held
egg yolks × 2	ready	egg yolks	2	each	-	-	-	A-mult	r1-main	held
bay leaves x 2	ready	bay leaves	2	each	-	-	-	A-mult	r1-main	held
garlic cloves x 6	ready	garlic	6	clove	-	-	-	A-mult	r1-main	held
chicken thighs (x 8)	ready	chicken thighs	8	each	-	-	-	A-mult	r1-main	held
1 x tin coconut milk	ready	coconut milk	1	tin	-	-	-	A-mult	r1-main	held
2x tins black beans	ready	black beans	2	tin	-	-	-	A-mult	r1-main	held
3x 400ml cans coconut milk	ready	coconut milk	3	can	400 ml	-	-	A-mult	r1-main	held
1 cup 4X sugar	ready	4X sugar	1	cup	-	-	-	A-mult	r1-main	held
2 cups 6x powdered sugar	ready	6x powdered sugar	2	cup	-	-	-	A-mult	r1-main	held
2 x 12-inch flour tortillas	ready	flour tortillas	2	each	-	-	-	A-mult	r1-main	held
4 x 6-inch sub rolls	ready	sub rolls	4	each	-	-	-	A-mult	r1-main	held
Lemons ×2	ready	Lemons	2	each	-	-	-	A-mult	r1-main	held
2 × eggs	ready	eggs	2	each	-	-	-	A-mult	r1-main	held
6 x 30 g slices mature cheddar	ready	mature cheddar	6	slice	-	-	D	A-mult	r1-main	held
4 x 6 oz salmon fillets	ready	salmon	4	fillet	-	-	D	A-mult	r1-main	held
1 9x5-inch loaf pan	unsupported	-	-	-	-	-	-	A-mult	r1-main	held
8 x 8-inch square baking dish	unsupported	-	-	-	-	-	-	A-mult	r1-main	held
0.5x 1x 2x	unsupported	-	-	-	-	-	-	A-mult	r1-main	held
1 lb 8 oz chuck roast	ready	chuck roast	24	oz	-	-	-	A-compound	r1-main	held
2 lbs 4 oz pork belly	ready	pork belly	36	oz	-	-	-	A-compound	r1-main	held
1 kg 250 g new potatoes	ready	new potatoes	1250	g	-	-	-	A-compound	r1-main	held
1 cup plus 3 tablespoons whole milk	ready	whole milk	19	tbsp	-	-	-	A-compound	r1-main	held
1/2 cup plus 1 tablespoon granulated sugar	ready	granulated sugar	9	tbsp	-	-	-	A-compound	r1-main	held
2 tablespoons plus 2 teaspoons avocado oil	ready	avocado oil	8	tsp	-	-	-	A-compound	r1-main	held
1 cup + 3 tbsp heavy cream	ready	heavy cream	19	tbsp	-	-	-	A-compound	r1-main	held
3 tbsp + 1 tsp fresh lemon juice	ready	fresh lemon juice|lemon juice	10	tsp	-	-	-	A-compound	r1-main	held
1 cup minus 1 tablespoon buttermilk	ready	buttermilk	15	tbsp	-	-	-	A-compound	r1-main	held
2 cups less 3 tablespoons cake flour	ready	cake flour	29	tbsp	-	-	-	A-compound	r1-main	held
1 pint plus 1/2 cup heavy cream	ready	heavy cream	5/2	cup	-	-	-	A-compound	r1-main	held
1 quart plus 2 cups beef stock	ready	beef stock	6	cup	-	-	-	A-compound	r1-main	held
1 tbsp plus 1/2 tsp kosher salt	ready	kosher salt	7/2	tsp	-	-	-	A-compound	r1-main	held
1/4 cup plus 2 teaspoons maple syrup	ready	maple syrup	14	tsp	-	-	-	A-compound	r1-main	held
1 lb plus 2 oz ground pork	ready	ground pork	18	oz	-	-	-	A-compound	r1-main	held
1 cup bread flour plus 2 tablespoons	ready	bread flour	18	tbsp	-	-	-	A-compound	r1-main	held
1 cup sugar, plus 2 tbsp for sprinkling	ready	sugar	18	tbsp	-	-	-	A-compound	r1-main	held
2 tbsp butter, plus more for the baking dish	ready	butter	2	tbsp	-	-	-	A-compound	r1-main	held
1 cup oats plus 1/4 cup flour	needs_review	-	-	-	-	-	S	A-compound	r1-main	held
3 whole eggs plus 2 egg whites	needs_review	-	-	-	-	-	S	A-compound	r1-main	held
1 cup milk + 1/2 cup water	needs_review	-	-	-	-	-	S	A-compound	r1-main	held
2 tsp + 1 tbsp brown sugar	ready	brown sugar	5	tsp	-	-	-	A-compound	r1-main	held
1 lb. 4 oz. (567 g) beef chuck	ready	beef chuck	20	oz	-	-	-	A-compound	r1-main	held
1 cup + 2 tbsp (270 ml) whole milk	ready	whole milk	18	tbsp	-	-	-	A-compound	r1-main	held
2 cups minus 2 tablespoons (450 ml) water	ready	water	30	tbsp	-	-	-	A-compound	r1-main	held
1 1/2 lb plus 4 oz chicken thighs	ready	chicken thighs	28	oz	-	-	-	A-compound	r1-main	held
1 cup plus 3 oz shredded cheese	needs_review	-	-	-	-	-	S	A-compound	r1-main	held
2 cups minus 1/4 cup sugar	ready	sugar	7/4	cup	-	-	-	A-compound	r1-main	seen
1 cup less 1 tsp vegetable oil	ready	vegetable oil	47	tsp	-	-	-	A-compound	r1-main	held
1 tablespoon and 1 teaspoon ground coriander	ready	ground coriander	4	tsp	-	-	D	A-compound	r1-main	held
1 tbsp five spice powder	ready	five spice powder	1	tbsp	-	-	-	A-prodnum	r1-main	held
2 tsp Chinese five-spice	ready	Chinese five-spice	2	tsp	-	-	-	A-prodnum	r1-main	held
1 cup 3-cheese blend	ready	3-cheese blend	1	cup	-	-	-	A-prodnum	r1-main	held
2 cups four cheese blend	ready	four cheese blend	2	cup	-	-	-	A-prodnum	r1-main	held
4 slices 12-grain bread	ready	12-grain bread	4	slice	-	-	-	A-prodnum	r1-main	held
1 cup nine grain cereal	ready	nine grain cereal	1	cup	-	-	-	A-prodnum	r1-main	held
1 loaf seven-grain bread	ready	seven-grain bread	1	loaf	-	-	-	A-prodnum	r1-main	held
2 cups three bean salad	ready	three bean salad	2	cup	-	-	-	A-prodnum	r1-main	held
1 can 3-bean chili	ready	3-bean chili	1	can	-	-	-	A-prodnum	r1-main	held
2 three cheese pizzas	ready	three cheese pizzas	2	each	-	-	-	A-prodnum	r1-main	seen
3 cheese pizzas	ready	cheese pizzas	3	each	-	-	-	A-prodnum	r1-main	held
4 bean burritos	ready	bean burritos	4	each	-	-	-	A-prodnum	r1-main	held
6 mushroom caps	ready	mushroom caps	6	each	-	-	-	A-prodnum	r1-main	held
Ten cherry tomatoes, halved	ready	cherry tomatoes	10	each	-	-	-	A-prodnum	r1-main	held
2 cups 2 percent milk	ready	2 percent milk	2	cup	-	-	-	A-prodnum	r1-main	held
1 lb 90/10 ground sirloin	ready	90/10 ground sirloin	1	lb	-	-	-	A-prodnum	r1-main	held
2 lbs 80/20 ground chuck	ready	80/20 ground chuck	2	lb	-	-	-	A-prodnum	r1-main	held
1 lb ground beef (90/10)	ready	ground beef	1	lb	-	-	-	A-prodnum	r1-main	held
2 cups type 00 flour	ready	type 00 flour	2	cup	-	-	-	A-prodnum	r1-main	held
2 tbsp A.1. steak sauce	ready	A.1. steak sauce	2	tbsp	-	-	-	A-prodnum	r1-main	held
1 tbsp Heinz 57 sauce	ready	Heinz 57 sauce	1	tbsp	-	-	-	A-prodnum	r1-main	seen
1 cup V8 juice	ready	V8 juice	1	cup	-	-	-	A-prodnum	r1-main	held
1 #10 can diced tomatoes	ready	diced tomatoes	1	can	-	-	-	A-prodnum	r1-main	seen
2 No. 303 cans cut green beans	ready	cut green beans|green beans	2	can	-	-	-	A-prodnum	r1-main	seen
1 box 5-minute rice	ready	5-minute rice	1	box	-	-	-	A-prodnum	r1-main	held
1 pack 2-minute noodles	ready	2-minute noodles	1	package	-	-	-	A-prodnum	r1-main	held
1 (16 oz) bag 15 bean soup mix	ready	15 bean soup mix	1	bag	16 oz	-	-	A-prodnum	r1-main	held
1 cup 100% cranberry juice	ready	100% cranberry juice	1	cup	-	-	-	A-prodnum	r1-main	held
1 lb 93% lean ground beef	ready	93% lean ground beef	1	lb	-	-	-	A-prodnum	r1-main	held
2 cups 7 grain pilaf	ready	7 grain pilaf	2	cup	-	-	-	A-prodnum	r1-main	held
1 tsp 21 seasoning salute	ready	21 seasoning salute	1	tsp	-	-	D	A-prodnum	r1-main	held
1 cup (235 ml) chicken broth	ready	chicken broth	1	cup	-	-	-	A-restate	r1-main	held
1 cup (250 ml) oat milk	ready	oat milk	1	cup	-	-	-	A-restate	r1-main	held
1 cup (253 ml) water	ready	water	1	cup	-	-	-	A-restate	r1-main	held
1 cup (254 ml) water	needs_review	water	1	cup	-	-	-	A-restate	r1-main	held
1 cup (221 ml) vegetable stock	ready	vegetable stock	1	cup	-	-	-	A-restate	r1-main	held
1 cup (220 ml) vegetable stock	needs_review	vegetable stock	1	cup	-	-	-	A-restate	r1-main	held
2 cups (473 ml) half-and-half	ready	half-and-half	2	cup	-	-	-	A-restate	r1-main	held
1/2 cup (125 ml) olive oil	ready	olive oil	1/2	cup	-	-	-	A-restate	r1-main	held
1/4 cup (65 ml) soy sauce	needs_review	soy sauce	1/4	cup	-	-	-	A-restate	r1-main	held
1 tbsp (15 g) salted butter	ready	salted butter	1	tbsp	-	-	-	A-restate	r1-main	held
1 tbsp (16 ml) sherry vinegar	needs_review	sherry vinegar	1	tbsp	-	-	-	A-restate	r1-main	held
1 tbsp (14 ml) sherry vinegar	ready	sherry vinegar	1	tbsp	-	-	-	A-restate	r1-main	held
2 tsp (10 ml) vanilla extract	ready	vanilla extract	2	tsp	-	-	-	A-restate	r1-main	held
1/2 tsp (3 ml) fine salt	needs_review	fine salt	1/2	tsp	-	-	-	A-restate	r1-main	held
1/8 tsp (1 ml) cayenne	ready	cayenne	1/8	tsp	-	-	-	A-restate	r1-main	held
3 tbsp (45 ml) heavy cream	ready	heavy cream	3	tbsp	-	-	-	A-restate	r1-main	held
1 oz (28 g) unsweetened chocolate	ready	unsweetened chocolate	1	oz	-	-	-	A-restate	r1-main	held
2 oz (60 g) diced pancetta	ready	diced pancetta|pancetta	2	oz	-	-	-	A-restate	r1-main	held
3 oz (85 g) soft goat cheese	ready	soft goat cheese|goat cheese	3	oz	-	-	-	A-restate	r1-main	held
6 oz (175 g) baby spinach	ready	baby spinach	6	oz	-	-	-	A-restate	r1-main	held
10 oz (300 g) frozen peas	ready	frozen peas	10	oz	-	-	-	A-restate	r1-main	held
12 oz (350 g) linguine	ready	linguine	12	oz	-	-	-	A-restate	r1-main	held
1 lb (500 g) parsnips	needs_review	parsnips	1	lb	-	-	-	A-restate	r1-main	held
8 oz (250 g) button mushrooms	needs_review	button mushrooms	8	oz	-	-	-	A-restate	r1-main	held
4 oz (100 g) walnut halves	needs_review	walnut halves	4	oz	-	-	-	A-restate	r1-main	held
1 1/2 lb (700 g) beef stew meat	ready	beef stew meat	3/2	lb	-	-	-	A-restate	r1-main	held
2 lb (900 g) waxy potatoes	ready	waxy potatoes	2	lb	-	-	-	A-restate	r1-main	held
2 lbs (1 kg) chicken wings	needs_review	chicken wings	2	lb	-	-	-	A-restate	r1-main	seen
3 lb (1.5 kg) pork shoulder	needs_review	pork shoulder	3	lb	-	-	-	A-restate	r1-main	held
200 g (7 oz) feta	ready	feta	200	g	-	-	-	A-restate	r1-main	held
250 g (8 oz) cream cheese	needs_review	cream cheese	250	g	-	-	-	A-restate	r1-main	held
100 g (4 oz) butter	needs_review	butter	100	g	-	-	-	A-restate	r1-main	seen
500 g (1 lb) beef mince	needs_review	beef mince	500	g	-	-	-	A-restate	r1-main	seen
1 kg (2 lb) brown onions	ready	brown onions	1	kg	-	-	-	A-restate	r1-main	seen
1 (400 g / 14 oz) tin chickpeas	ready	chickpeas	1	tin	400 g	-	-	A-restate	r1-main	held
1 (14-ounce/397 g) can sweetened condensed milk	ready	sweetened condensed milk	1	can	14 oz	-	-	A-restate	r1-main	held
2 (15 oz / 425 g) cans pinto beans	ready	pinto beans	2	can	15 oz	-	-	A-restate	r1-main	held
1 (12 oz / 340 g) bag fresh cranberries	ready	fresh cranberries|cranberries	1	bag	12 oz	-	-	A-restate	r1-main	held
1 (15 oz / 500 g) can black beans	needs_review	black beans	1	can	15 oz	-	-	A-restate	r1-main	held
1 (10 oz) package (283 g) frozen chopped spinach	ready	frozen chopped spinach	1	package	10 oz	-	-	A-restate	r1-main	held
1 (28 oz) can (794 g) whole peeled tomatoes	ready	whole peeled tomatoes	1	can	28 oz	-	-	A-restate	r1-main	held
1 (6 oz) can (200 g) tomato paste	needs_review	tomato paste	1	can	6 oz	-	-	A-restate	r1-main	held
1/4 cup (1/2 stick) butter, melted	ready	butter	1/4	cup	-	-	-	A-restate	r1-main	held
2 cups (16 fl oz) whole milk	ready	whole milk	2	cup	-	-	-	A-restate	r1-main	held
1 1/2 cups (12 fl oz) lager	ready	lager	3/2	cup	-	-	-	A-restate	r1-main	held
1 cup (7 fl oz) water	needs_review	water	1	cup	-	-	-	A-restate	r1-main	held
1 cup (240 ml / 8 fl oz) buttermilk	ready	buttermilk	1	cup	-	-	-	A-restate	r1-main	held
1 cup (250 ml / 9 fl oz) buttermilk	needs_review	buttermilk	1	cup	-	-	-	A-restate	r1-main	held
1/3 cup (75 ml) canola oil	ready	canola oil	1/3	cup	-	-	-	A-restate	r1-main	held
16 oz (1 lb) whole-milk ricotta	ready	whole-milk ricotta	16	oz	-	-	-	A-restate	r1-main	held
2 cups (1 pint) heavy cream	ready	heavy cream	2	cup	-	-	-	A-restate	r1-main	held
4 cups (1 quart) chicken stock	ready	chicken stock	4	cup	-	-	-	A-restate	r1-main	held
1 liter (4 cups) water	ready	water	1	l	-	-	-	A-restate	r1-main	held
1 cup (about 240 ml) cold water	ready	cold water|water	1	cup	-	-	-	A-restate	r1-main	held
about 1 cup (300 ml) water	needs_review	water	1	cup	-	-	-	A-restate	r1-main	held
2 cups cooked brown rice (from 2/3 cup uncooked)	needs_review	brown rice	2	cup	-	-	-	A-remark	r1-main	held
3 cups cooked quinoa (about 1 cup dry)	needs_review	quinoa	3	cup	-	-	-	A-remark	r1-main	held
1/3 cup fresh orange juice (from 1 orange)	needs_review	fresh orange juice|orange juice	1/3	cup	-	-	-	A-remark	r1-main	held
3 tablespoons lemon juice (about 1 lemon)	needs_review	lemon juice	3	tbsp	-	-	-	A-remark	r1-main	seen
1 cup grated carrot (2 medium carrots)	ready	grated carrot|carrot	1	cup	-	-	-	A-remark	r1-main	seen
2 tsp kosher salt (or 1 tsp table salt)	needs_review	kosher salt	2	tsp	-	-	S	A-remark	r1-main	held
1 cup basmati rice (makes 3 cups cooked)	needs_review	basmati rice	1	cup	-	-	-	A-remark	r1-main	held
1 lb dried chickpeas (yields about 6 cups cooked)	needs_review	dried chickpeas	1	lb	-	-	-	A-remark	r1-main	held
2 cups shredded Monterey Jack (8 oz)	ready	shredded Monterey Jack	2	cup	-	-	-	A-remark	r1-main	held
1 cup chopped pecans (4 oz)	ready	chopped pecans|pecans	1	cup	-	-	-	A-remark	r1-main	held
1 lb ground beef (about 2 cups cooked)	needs_review	ground beef	1	lb	-	-	-	A-remark	r1-main	held
1 tsp salt (use 1/2 tsp if using table salt)	needs_review	salt	1	tsp	-	-	S	A-remark	r1-main	held
2 cups milk (any kind)	ready	milk	2	cup	-	-	-	A-remark	r1-main	held
1 cup broth (8 oz)	ready	broth	1	cup	-	-	-	A-remark	r1-main	held
4 chicken breasts (about 2 lbs total)	ready	chicken breasts	4	each	-	-	-	A-remark	r1-main	held
1 large onion (about 2 cups chopped)	ready	onion	1	each	-	-	-	A-remark	r1-main	seen
2 tbsp butter (plus more for greasing)	ready	butter	2	tbsp	-	-	-	A-remark	r1-main	held
1 cup cooked farro (from 1/2 cup raw)	needs_review	farro	1	cup	-	-	-	A-remark	r1-main	held
2 m chorizo	needs_review	-	-	-	-	-	S	A-unknown	r1-main	held
1 UK pint stout	needs_review	-	-	-	-	-	S	A-unknown	r1-main	held
2 imperial cups self-raising flour	needs_review	-	-	-	-	-	S	A-unknown	r1-main	held
1 pint (UK) double cream	needs_review	-	-	-	-	-	S	A-unknown	r1-main	held
1 Australian tablespoon honey	needs_review	-	-	-	-	-	S	A-unknown	r1-main	held
2 cups (metric) whole milk	needs_review	-	-	-	-	-	S	A-unknown	r1-main	held
1 metric cup rolled oats	needs_review	-	-	-	-	-	S	A-unknown	r1-main	held
3 dessertspoons caster sugar	needs_review	-	-	-	-	-	S	A-unknown	r1-main	held
1 sachet fast-action yeast	needs_review	-	-	-	-	-	S	A-unknown	r1-main	held
4 rashers back bacon	needs_review	-	-	-	-	-	S	A-unknown	r1-main	held
1 punnet strawberries	needs_review	-	-	-	-	-	S	A-unknown	r1-main	held
a drizzle of chili oil	needs_review	-	-	-	-	-	S	A-unknown	r1-main	held
a dollop of creme fraiche	needs_review	-	-	-	-	-	S	A-unknown	r1-main	held
1 glass dry sherry	needs_review	-	-	-	-	-	S	A-unknown	r1-main	held
1 shot espresso	needs_review	-	-	-	-	-	S	A-unknown	r1-main	held
1 gill single cream	needs_review	-	-	-	-	-	S	A-unknown	r1-main	seen
2 drams vanilla essence	needs_review	-	-	-	-	-	S	A-unknown	r1-main	seen
3 cL gin	needs_review	-	-	-	-	-	S	A-unknown	r1-main	held
1 tumbler orange juice	needs_review	-	-	-	-	-	S	A-unknown	r1-main	seen
2 ladles chicken stock	needs_review	-	-	-	-	-	S	A-unknown	r1-main	seen
1 teacup caster sugar	needs_review	-	-	-	-	-	S	A-unknown	r1-main	seen
1 dessert spoon cocoa powder	needs_review	-	-	-	-	-	S	A-unknown	r1-main	seen
1 thumb fresh ginger	needs_review	-	-	-	-	-	S	A-unknown	r1-main	seen
1 bushel apples	needs_review	-	-	-	-	-	S	A-unknown	r1-main	held
1 quart (imperial) stock	needs_review	-	-	-	-	-	S	A-unknown	r1-main	held
1 knob unsalted butter	ready	unsalted butter	1	knob	-	-	-	A-unknown	r1-main	held
2 handfuls rocket	ready	rocket	2	handful	-	-	-	A-unknown	r1-main	held
3 tbsp Australian honey	ready	Australian honey	3	tbsp	-	-	-	A-unknown	r1-main	held
1 cup British bulk sausage meat	ready	British bulk sausage meat	1	cup	-	-	D	A-unknown	r1-main	held
1 cup almond or cashew butter	needs_review	-	1	cup	-	almond butter;cashew butter	-	B-sharedhead	r1-main	seen
4 oz dark or milk chocolate, chopped	needs_review	-	4	oz	-	dark chocolate;milk chocolate	-	B-sharedhead	r1-main	held
1 lb pork or chicken sausage	needs_review	-	1	lb	-	pork sausage;chicken sausage	-	B-sharedhead	r1-main	seen
1 pint cherry or grape tomatoes	needs_review	-	1	pint	-	cherry tomatoes;grape tomatoes	-	B-sharedhead	r1-main	seen
2 cups red or green cabbage, shredded	needs_review	-	2	cup	-	red cabbage;green cabbage	-	B-sharedhead	r1-main	held
1/2 cup sunflower or pumpkin seeds	needs_review	-	1/2	cup	-	sunflower seeds;pumpkin seeds	-	B-sharedhead	r1-main	held
1 tbsp white or black sesame seeds	needs_review	-	1	tbsp	-	white sesame seeds;black sesame seeds	-	B-sharedhead	r1-main	held
1 tsp almond or vanilla extract	needs_review	-	1	tsp	-	almond extract;vanilla extract	-	B-sharedhead	r1-main	held
1 cup corn or vegetable oil	needs_review	-	1	cup	-	corn oil;vegetable oil	-	B-sharedhead	r1-main	held
1/2 cup oat or soy milk	needs_review	-	1/2	cup	-	oat milk;soy milk	-	B-sharedhead	r1-main	held
1 cup Greek or regular yogurt	needs_review	-	1	cup	-	Greek yogurt;regular yogurt	-	B-sharedhead	r1-main	held
4 pork or lamb chops	needs_review	-	4	each	-	pork chops;lamb chops	-	B-sharedhead	r1-main	held
1 cup jasmine or basmati rice	needs_review	-	1	cup	-	jasmine rice;basmati rice	-	B-sharedhead	r1-main	held
1 can kidney or pinto beans	needs_review	-	1	can	-	kidney beans;pinto beans	-	B-sharedhead	r1-main	held
1 cup white or whole wheat flour	needs_review	-	1	cup	-	white flour;whole wheat flour	-	B-sharedhead	r1-main	seen
1 cup peanut or almond butter	needs_review	-	1	cup	-	peanut butter;almond butter	-	B-sharedhead	r1-main	seen
1 tsp onion or garlic salt	needs_review	-	1	tsp	-	onion salt;garlic salt	-	B-sharedhead	r1-main	seen
1 lb beef or pork tenderloin	needs_review	-	1	lb	-	beef tenderloin;pork tenderloin	-	B-sharedhead	r1-main	seen
1 cup coconut or brown sugar	needs_review	-	1	cup	-	coconut sugar;brown sugar	-	B-sharedhead	r1-main	seen
1 tbsp chili or curry powder	needs_review	-	1	tbsp	-	chili powder;curry powder	-	B-sharedhead	r1-main	held
2 tbsp red or green curry paste	needs_review	-	2	tbsp	-	red curry paste;green curry paste	-	B-sharedhead	r1-main	held
1 cup macadamia or cashew nuts	needs_review	-	1	cup	-	macadamia nuts;cashew nuts	-	B-sharedhead	r1-main	seen
4 slider or dinner rolls	needs_review	-	4	each	-	slider rolls;dinner rolls	-	B-sharedhead	r1-main	seen
6 hot dog or sausage buns	needs_review	-	6	each	-	hot dog buns;sausage buns	-	B-sharedhead	r1-main	held
1 tbsp lemon or orange zest	needs_review	-	1	tbsp	-	lemon zest;orange zest	-	B-sharedhead	r1-main	held
1 cup grape or cranberry juice	needs_review	-	1	cup	-	grape juice;cranberry juice	-	B-sharedhead	r1-main	held
2 cups vanilla or plain yogurt	needs_review	-	2	cup	-	vanilla yogurt;plain yogurt	-	B-sharedhead	r1-main	seen
1 tbsp yellow or Dijon mustard	needs_review	-	1	tbsp	-	yellow mustard;Dijon mustard	-	B-sharedhead	r1-main	seen
1 lb sweet or spicy Italian sausage	needs_review	-	1	lb	-	sweet Italian sausage;spicy Italian sausage	-	B-sharedhead	r1-main	held
1 tsp black or white pepper	needs_review	-	1	tsp	-	black pepper;white pepper	-	B-sharedhead	r1-main	held
2 cups red or yellow lentils	needs_review	-	2	cup	-	red lentils;yellow lentils	-	B-sharedhead	r1-main	held
1 cup quick or old-fashioned oats	needs_review	-	1	cup	-	quick oats;old-fashioned oats	-	B-sharedhead	r1-main	held
1 cup Swiss or Gruyère cheese	needs_review	-	1	cup	-	Swiss;Gruyère cheese||Swiss cheese;Gruyère cheese	-	B-sharedhead	r1-main	held
1/4 cup mint or basil leaves	needs_review	-	1/4	cup	-	mint;basil leaves||mint leaves;basil leaves	-	B-sharedhead	r1-main	held
2 cups apple or pear cider	needs_review	-	2	cup	-	apple cider;pear cider	-	B-sharedhead	r1-main	seen
1 lb chicken or turkey sausage	needs_review	-	1	lb	-	chicken sausage;turkey sausage	-	B-sharedhead	r1-main	seen
1/2 cup golden or regular raisins	needs_review	-	1/2	cup	-	golden raisins;regular raisins	-	B-sharedhead	r1-main	held
2 cups spinach or arugula	needs_review	-	2	cup	-	spinach;arugula	-	B-asis	r1-main	held
1 cup pecans or walnuts, toasted	needs_review	-	1	cup	-	pecans;walnuts	-	B-asis	r1-main	held
2 tbsp butter or ghee	needs_review	-	2	tbsp	-	butter;ghee	-	B-asis	r1-main	held
1/2 cup raisins or dried cranberries	needs_review	-	1/2	cup	-	raisins;dried cranberries	-	B-asis	r1-main	held
1 tbsp sriracha or sambal oelek	needs_review	-	1	tbsp	-	sriracha;sambal oelek	-	B-asis	r1-main	held
2 tbsp parsley or chives, chopped	needs_review	-	2	tbsp	-	parsley;chives	-	B-asis	r1-main	held
1 cup cream or half-and-half	needs_review	-	1	cup	-	cream;half-and-half	-	B-asis	r1-main	held
1 cup sour cream or crème fraîche	needs_review	-	1	cup	-	sour cream;crème fraîche	-	B-asis	r1-main	held
3 tbsp brandy or cognac	needs_review	-	3	tbsp	-	brandy;cognac	-	B-asis	r1-main	held
1 cup cooked lentils or chickpeas	needs_review	-	1	cup	-	lentils;chickpeas||cooked lentils;cooked chickpeas	D	B-asis	r1-main	held
1/2 cup honey or agave nectar	needs_review	-	1/2	cup	-	honey;agave nectar	-	B-asis	r1-main	held
1 cup frozen peas or corn	needs_review	-	1	cup	-	frozen peas;frozen corn||frozen peas;corn	-	B-leadmod	r1-main	held
1/2 cup toasted almonds or hazelnuts	needs_review	-	1/2	cup	-	toasted almonds;toasted hazelnuts||toasted almonds;hazelnuts	-	B-leadmod	r1-main	held
2 tbsp minced shallot or onion	needs_review	-	2	tbsp	-	minced shallot;minced onion||minced shallot;onion	-	B-leadmod	r1-main	held
1 lb ground lamb or beef	needs_review	-	1	lb	-	ground lamb;ground beef||ground lamb;beef	-	B-leadmod	r1-main	held
8 oz sliced mushrooms or zucchini	needs_review	-	8	oz	-	sliced mushrooms;sliced zucchini||sliced mushrooms;zucchini	-	B-leadmod	r1-main	held
1/4 cup dried cherries or cranberries	needs_review	-	1/4	cup	-	dried cherries;dried cranberries||dried cherries;cranberries	-	B-leadmod	r1-main	held
2 cups fresh spinach or kale	needs_review	-	2	cup	-	fresh spinach;fresh kale||fresh spinach;kale	-	B-leadmod	r1-main	held
1 cup grated Pecorino or Parmesan	needs_review	-	1	cup	-	grated Pecorino;grated Parmesan||grated Pecorino;Parmesan	-	B-leadmod	r1-main	held
1 lb ground chicken or smoked sausage	needs_review	-	1	lb	-	ground chicken;smoked sausage	-	B-leadmod	r1-main	held
2 cups shredded chicken or pork	needs_review	-	2	cup	-	shredded chicken;shredded pork||shredded chicken;pork	-	B-leadmod	r1-main	held
1 lb fresh or frozen shrimp	needs_review	-	1	lb	-	fresh shrimp;frozen shrimp	-	B-leadmod	r1-main	held
2 cups canned or fresh tomatoes	needs_review	-	2	cup	-	canned tomatoes;fresh tomatoes	-	B-leadmod	r1-main	held
1/2 cup salted or unsalted pistachios	needs_review	-	1/2	cup	-	salted pistachios;unsalted pistachios	-	B-leadmod	r1-main	held
1 cup heavy cream or light	needs_review	-	1	cup	-	heavy cream;light cream	-	B-forward	r1-main	held
1 cup 2% milk or skim	needs_review	-	1	cup	-	2% milk;skim milk	-	B-forward	r1-main	held
1/2 cup salted butter or unsalted	needs_review	-	1/2	cup	-	salted butter;unsalted butter	-	B-forward	r1-main	held
1 cup brown rice or white	needs_review	-	1	cup	-	brown rice;white rice	-	B-forward	r1-main	held
2 tbsp fresh oregano or dried	needs_review	-	2	tbsp	-	fresh oregano;dried oregano	-	B-forward	r1-main	seen
1 lb Yukon Gold potatoes or red	needs_review	-	1	lb	-	Yukon Gold potatoes;red potatoes	-	B-forward	r1-main	seen
1 can light coconut milk or regular	needs_review	-	1	can	-	light coconut milk;regular coconut milk	-	B-forward	r1-main	held
1 cup cashews, almonds, or peanuts	needs_review	-	1	cup	-	cashews;almonds;peanuts	-	B-list	r1-main	held
1 cup cheddar, Colby, or pepper jack cheese	needs_review	-	1	cup	-	cheddar;Colby;pepper jack cheese||cheddar cheese;Colby cheese;pepper jack cheese	-	B-list	r1-main	held
4 cups beef, chicken, or mushroom broth	needs_review	-	4	cup	-	beef broth;chicken broth;mushroom broth	-	B-list	r1-main	held
1/2 cup pecans, walnuts or hazelnuts	needs_review	-	1/2	cup	-	pecans;walnuts;hazelnuts	-	B-list	r1-main	held
1 cup lemon, lime, or orange juice	needs_review	-	1	cup	-	lemon juice;lime juice;orange juice	-	B-list	r1-main	held
2 cups milk or cream or half-and-half	needs_review	-	2	cup	-	milk;cream;half-and-half	-	B-list	r1-main	held
1 cup rice/quinoa	needs_review	-	1	cup	-	rice;quinoa	-	B-list	r1-main	held
1/2 cup chopped cilantro and/or parsley	needs_review	-	1/2	cup	-	chopped cilantro;chopped parsley||chopped cilantro;parsley	-	B-list	r1-main	held
1 tsp oregano/basil	needs_review	-	1	tsp	-	oregano;basil	-	B-list	r1-main	held
2 tbsp butter/oil	needs_review	-	2	tbsp	-	butter;oil	-	B-list	r1-main	held
1 cup sugar or honey or maple syrup	needs_review	-	1	cup	-	sugar;honey;maple syrup	-	B-list	r1-main	held
1 cup red, yellow, or orange bell pepper, diced	needs_review	-	1	cup	-	red bell pepper;yellow bell pepper;orange bell pepper	-	B-list	r1-main	seen
2 tbsp parsley, cilantro, or dill	needs_review	-	2	tbsp	-	parsley;cilantro;dill	-	B-list	r1-main	held
1 cup stock, beef or chicken	needs_review	-	1	cup	-	beef stock;chicken stock	-	B-comma	r1-main	held
2 cups rice, jasmine or basmati	needs_review	-	2	cup	-	jasmine rice;basmati rice	-	B-comma	r1-main	held
1 cup cheese, Gruyère or Comté	needs_review	-	1	cup	-	Gruyère;Comté||Gruyère cheese;Comté cheese	-	B-comma	r1-main	held
1/2 cup nuts, almonds or cashews	needs_review	-	1/2	cup	-	almonds;cashews	-	B-comma	r1-main	held
1 can beans, black or pinto	needs_review	-	1	can	-	black beans;pinto beans	-	B-comma	r1-main	held
2 cups greens, collard or mustard	needs_review	-	2	cup	-	collard greens;mustard greens	-	B-comma	r1-main	held
1 cup vinegar, apple cider or white	needs_review	-	1	cup	-	apple cider vinegar;white vinegar	-	B-comma	r1-main	held
1 onion, yellow or white	needs_review	-	1	each	-	yellow onion;white onion	-	B-comma	r1-main	held
1 cup yogurt, plain or vanilla	needs_review	-	1	cup	-	plain yogurt;vanilla yogurt	-	B-comma	r1-main	held
2 apples, Granny Smith or Honeycrisp	needs_review	-	2	each	-	Granny Smith apples;Honeycrisp apples||Granny Smith;Honeycrisp	-	B-comma	r1-main	seen
1 lb fish, cod or halibut	needs_review	-	1	lb	-	cod;halibut	-	B-comma	r1-main	held
1 cup berries, raspberries or blackberries	needs_review	-	1	cup	-	raspberries;blackberries	-	B-comma	r1-main	held
2 cups milk, dairy or oat	needs_review	-	2	cup	-	dairy milk;oat milk	-	B-comma	r1-main	held
1 tbsp oil, olive or avocado	needs_review	-	1	tbsp	-	olive oil;avocado oil	-	B-comma	r1-main	held
1 lb squash, butternut or acorn	needs_review	-	1	lb	-	butternut squash;acorn squash||butternut;acorn	-	B-comma	r1-main	held
1 cup flour (all-purpose or whole wheat)	needs_review	-	1	cup	-	all-purpose flour;whole wheat flour	-	B-bracket	r1-main	seen
2 cups cheese (cheddar or Swiss)	needs_review	-	2	cup	-	cheddar;Swiss||cheddar cheese;Swiss cheese	-	B-bracket	r1-main	held
1 tbsp vinegar (red wine or sherry)	needs_review	-	1	tbsp	-	red wine vinegar;sherry vinegar	-	B-bracket	r1-main	held
1 lb potatoes (russet or Yukon Gold)	needs_review	-	1	lb	-	russet potatoes;Yukon Gold potatoes	-	B-bracket	r1-main	held
1 cup chocolate chips (semisweet or dark)	needs_review	-	1	cup	-	semisweet chocolate chips;dark chocolate chips	-	B-bracket	r1-main	held
1 cup cane sugar (or coconut sugar)	needs_review	-	1	cup	-	cane sugar;coconut sugar	-	B-bracket	r1-main	held
2 tbsp butter (or olive oil)	needs_review	-	2	tbsp	-	butter;olive oil	-	B-bracket	r1-main	held
1/2 cup breadcrumbs (plain or seasoned)	needs_review	-	1/2	cup	-	plain breadcrumbs;seasoned breadcrumbs	-	B-bracket	r1-main	held
1 cup buttermilk (or milk with 1 tbsp lemon juice)	needs_review	-	-	-	-	-	S	B-bracket	r1-main	held
2 cups lettuce (romaine or iceberg)	needs_review	-	2	cup	-	romaine lettuce;iceberg lettuce||romaine;iceberg	D	B-bracket	r1-main	held
1 tsp hot sauce (such as Tabasco)	ready	hot sauce	1	tsp	-	-	-	B-sourcing	r1-main	held
1 cup marinara sauce (homemade or jarred)	ready	marinara sauce	1	cup	-	-	-	B-sourcing	r1-main	held
2 cups vegetable broth, homemade or store-bought	ready	vegetable broth	2	cup	-	-	-	B-sourcing	r1-main	held
1 lb medium shrimp, fresh or frozen	ready	shrimp	1	lb	-	-	-	B-sourcing	r1-main	held
1 cup corn kernels (fresh, frozen, or canned)	ready	corn kernels	1	cup	-	-	-	B-sourcing	r1-main	held
1 cup pesto, homemade or jarred	ready	pesto	1	cup	-	-	-	B-sourcing	r1-main	held
1 lb pizza dough, store-bought or homemade	ready	pizza dough	1	lb	-	-	-	B-sourcing	r1-main	held
2 cups mixed berries (fresh or frozen)	ready	mixed berries	2	cup	-	-	-	B-sourcing	r1-main	held
4 cups spinach (fresh or frozen)	ready	spinach	4	cup	-	-	-	B-sourcing	r1-main	held
1 cup cooked black beans (canned or homemade)	ready	black beans	1	cup	-	-	-	B-sourcing	r1-main	held
2 cups chicken stock (or water)	needs_review	-	2	cup	-	chicken stock;water	-	B-sourcing	r1-main	held
1/2 cup each raisins and walnuts	needs_review	-	-	-	-	-	S	B-and	r1-main	held
1 tsp each cumin and coriander	needs_review	-	-	-	-	-	S	B-and	r1-main	held
2 cups chopped celery and carrots	needs_review	-	-	-	-	-	S	B-and	r1-main	seen
1 cup onion and bell pepper, diced	needs_review	-	-	-	-	-	S	B-and	r1-main	seen
1/4 cup chopped parsley and mint	needs_review	-	-	-	-	-	S	B-and	r1-main	seen
2 cups strawberries and blueberries	needs_review	-	-	-	-	-	S	B-and	r1-main	seen
1 cup macaroni and cheese	ready	macaroni and cheese	1	cup	-	-	-	B-and	r1-main	held
2 tbsp oil and vinegar dressing	ready	oil and vinegar dressing	2	tbsp	-	-	-	B-and	r1-main	held
1 cup sweet and sour sauce	ready	sweet and sour sauce	1	cup	-	-	-	B-and	r1-main	held
1 bag salt and vinegar chips	ready	salt and vinegar chips	1	bag	-	-	-	B-and	r1-main	held
2 cups sour cream and onion dip	ready	sour cream and onion dip	2	cup	-	-	-	B-and	r1-main	held
1 can cream of celery soup	ready	cream of celery soup	1	can	-	-	-	B-and	r1-main	held
1 tbsp garlic and herb seasoning	ready	garlic and herb seasoning	1	tbsp	-	-	-	B-and	r1-main	held
1 jar peanut butter and honey spread	ready	peanut butter and honey spread	1	jar	-	-	D	B-and	r1-main	held
2 rosemary sprigs, leaves stripped	ready	rosemary	2	sprig	-	-	-	C-postnoun	r1-main	held
3 celery stalks, diced	ready	celery	3	stalk	-	-	-	C-postnoun	r1-main	held
2 lemongrass stalks, bruised	ready	lemongrass	2	stalk	-	-	-	C-postnoun	r1-main	held
2 fennel bulbs, cored	ready	fennel	2	bulb	-	-	-	C-postnoun	r1-main	held
3 lettuce leaves	ready	lettuce	3	leaf	-	-	-	C-postnoun	r1-main	held
8 sage leaves	ready	sage	8	leaf	-	-	-	C-postnoun	r1-main	held
12 basil leaves, torn	ready	basil	12	leaf	-	-	-	C-postnoun	r1-main	held
4 kale leaves	ready	kale	4	leaf	-	-	-	C-postnoun	r1-main	held
2 tilapia fillets	ready	tilapia	2	fillet	-	-	-	C-postnoun	r1-main	held
2 fish fillets	ready	fish	2	fillet	-	-	-	C-postnoun	r1-main	held
6 chicken sausage links	ready	chicken sausage	6	link	-	-	-	C-postnoun	r1-main	held
4 breakfast sausage links	ready	breakfast sausage	4	link	-	-	-	C-postnoun	r1-main	held
3 bacon slices	ready	bacon	3	slice	-	-	-	C-postnoun	r1-main	held
8 salami slices	ready	salami	8	slice	-	-	-	C-postnoun	r1-main	held
4 Swiss cheese slices	ready	Swiss cheese	4	slice	-	-	-	C-postnoun	r1-main	held
6 orange wedges	ready	orange	6	wedge	-	-	-	C-postnoun	r1-main	held
3 celery ribs, sliced	ready	celery	3	rib	-	-	-	C-postnoun	r1-main	held
2 bok choy heads	ready	bok choy	2	head	-	-	-	C-postnoun	r1-main	held
1 broccoli head, cut into florets	ready	broccoli	1	head	-	-	-	C-postnoun	r1-main	held
4 nori sheets	ready	nori	4	sheet	-	-	-	C-postnoun	r1-main	held
6 phyllo sheets	ready	phyllo	6	sheet	-	-	-	C-postnoun	r1-main	held
8 rice paper sheets	ready	rice paper	8	sheet	-	-	-	C-postnoun	r1-main	held
3 gelatin sheets	ready	gelatin	3	sheet	-	-	-	C-postnoun	r1-main	held
2 puff pastry sheets, thawed	ready	puff pastry	2	sheet	-	-	-	C-postnoun	r1-main	held
2 vanilla pods, split	ready	vanilla	2	pod	-	-	-	C-postnoun	r1-main	held
4 okra pods	ready	okra	4	pod	-	-	-	C-postnoun	r1-main	held
6 dill sprigs	ready	dill	6	sprig	-	-	-	C-postnoun	r1-main	held
1 parsley bunch	ready	parsley	1	bunch	-	-	-	C-postnoun	r1-main	held
2 scallion bunches	ready	scallion	2	bunch	-	-	-	C-postnoun	r1-main	held
2 smashed garlic cloves	ready	smashed garlic|garlic	2	clove	-	-	-	C-postnoun	r1-main	held
3 large garlic cloves	ready	garlic	3	clove	-	-	-	C-postnoun	r1-main	held
2 fresh thyme sprigs	ready	fresh thyme|thyme	2	sprig	-	-	-	C-postnoun	r1-main	held
a garlic clove, grated	ready	garlic	1	clove	-	-	-	C-postnoun	r1-main	held
one celery stalk	ready	celery	1	stalk	-	-	-	C-postnoun	r1-main	held
2 salmon pieces (6 oz each)	ready	salmon	2	piece	-	-	-	C-postnoun	r1-main	held
4 chicken pieces	ready	chicken	4	piece	-	-	D	C-postnoun	r1-main	held
4 celery sticks	ready	celery	4	stick	-	-	D	C-postnoun	r1-main	held
6 carrot sticks	ready	carrot	6	stick	-	-	D	C-postnoun	r1-main	held
6 shiso leaves	ready	shiso	6	leaf	-	-	D	C-postnoun	r1-main	seen
6 bay leaves	ready	bay leaves	6	each	-	-	-	C-identity	r1-main	held
2 banana leaves	ready	banana leaves	2	each	-	-	-	C-identity	r1-main	held
10 curry leaves	ready	curry leaves	10	each	-	-	-	C-identity	r1-main	held
20 grape leaves, rinsed	ready	grape leaves	20	each	-	-	-	C-identity	r1-main	held
8 mozzarella sticks	ready	mozzarella sticks	8	each	-	-	-	C-identity	r1-main	held
12 pretzel sticks	ready	pretzel sticks	12	each	-	-	-	C-identity	r1-main	held
4 crab sticks	ready	crab sticks	4	each	-	-	-	C-identity	r1-main	held
10 fish sticks	ready	fish sticks	10	each	-	-	-	C-identity	r1-main	held
2 lbs short ribs	ready	short ribs	2	lb	-	-	-	C-identity	r1-main	held
4 beef ribs	ready	beef ribs	4	each	-	-	-	C-identity	r1-main	held
3 short ribs	ready	short ribs	3	each	-	-	-	C-identity	r1-main	held
2 lasagna sheets	ready	lasagna sheets	2	each	-	-	-	C-identity	r1-main	held
4 bouillon cubes	ready	bouillon cubes	4	each	-	-	-	C-identity	r1-main	held
3 whole cloves	ready	whole cloves	3	each	-	-	-	C-identity	r1-main	held
10 cloves	ready	cloves	10	each	-	-	-	C-identity	r1-main	held
2 strip steaks	ready	strip steaks	2	each	-	-	-	C-identity	r1-main	seen
4 cube steaks	ready	cube steaks	4	each	-	-	-	C-identity	r1-main	seen
2 sheet cakes	ready	sheet cakes	2	each	-	-	-	C-identity	r1-main	seen
2 romaine hearts	ready	romaine hearts	2	each	-	-	-	C-identity	r1-main	held
4 breadsticks	ready	breadsticks	4	each	-	-	-	C-identity	r1-main	held
2 corn cobs	ready	corn cobs	2	each	-	-	-	C-identity	r1-main	held
6 lamb loin chops	ready	lamb loin chops	6	each	-	-	-	C-identity	r1-main	held
1 cup sage leaves	ready	sage leaves	1	cup	-	-	-	C-identity	r1-main	held
1 head leaf lettuce	ready	leaf lettuce	1	head	-	-	-	C-identity	r1-main	held
6 sugar cubes	ready	sugar cubes	6	each	-	-	D	C-identity	r1-main	seen
4 string cheese sticks	ready	string cheese sticks	4	each	-	-	D	C-identity	r1-main	held
4 (6 oz) cups lemon yogurt	ready	lemon yogurt	4	container	6 oz	-	-	C-containercup	r1-main	held
2 cups (4 oz each) unsweetened applesauce	ready	unsweetened applesauce	2	container	4 oz	-	-	C-containercup	r1-main	held
6 4-oz cups chocolate pudding	ready	chocolate pudding	6	container	4 oz	-	-	C-containercup	r1-main	held
8 oz cup sour cream	ready	sour cream	1	container	8 oz	-	-	C-containercup	r1-main	held
1 (5.3-ounce) cup Greek yogurt	ready	Greek yogurt	1	container	5.3 oz	-	-	C-containercup	r1-main	held
1 cup (8 oz) plain yogurt	ready	plain yogurt	1	cup	-	-	-	C-containercup	r1-main	held
2 cups (16 oz) small curd cottage cheese	ready	small curd cottage cheese	2	cup	-	-	-	C-containercup	r1-main	held
3 cups (12 oz) shredded mozzarella	ready	shredded mozzarella	3	cup	-	-	-	C-containercup	r1-main	held
1 1/2 cups (6 oz) frozen blueberries	ready	frozen blueberries	3/2	cup	-	-	-	C-containercup	r1-main	held
2 (8 oz) cups sour cream	ready	sour cream	2	container	8 oz	-	-	C-containercup	r1-main	held
4 cups (6 ounces each) vanilla yogurt	ready	vanilla yogurt	4	container	6 oz	-	-	C-containercup	r1-main	held
2 6-ounce cups key lime yogurt	ready	key lime yogurt	2	container	6 oz	-	-	C-containercup	r1-main	held
12 oz bag frozen broccoli florets	ready	frozen broccoli florets	1	bag	12 oz	-	-	C-package	r1-main	held
16-ounce jar salsa verde	ready	salsa verde	1	jar	16 oz	-	-	C-package	r1-main	held
10 oz box frozen chopped spinach	ready	frozen chopped spinach	1	box	10 oz	-	-	C-package	r1-main	held
1 lb box thin spaghetti	ready	thin spaghetti	1	box	1 lb	-	-	C-package	r1-main	held
32 oz carton vegetable broth	ready	vegetable broth	1	carton	32 oz	-	-	C-package	r1-main	held
8 oz tub whipped topping	ready	whipped topping	1	container	8 oz	-	-	C-package	r1-main	held
250 g block halloumi	ready	halloumi	1	block	250 g	-	-	C-package	r1-main	held
1 kg bag basmati rice	ready	basmati rice	1	bag	1 kg	-	-	C-package	r1-main	held
750 ml bottle red wine	ready	red wine	1	bottle	750 ml	-	-	C-package	r1-main	held
1 lb loaf French bread	ready	French bread	1	loaf	1 lb	-	-	C-package	r1-main	held
8 oz ball fresh mozzarella	ready	fresh mozzarella	1	ball	8 oz	-	-	C-package	r1-main	held
1-oz envelope ranch seasoning mix	ready	ranch seasoning mix	1	envelope	1 oz	-	-	C-package	r1-main	held
4.5 oz tube tomato paste	ready	tomato paste	1	tube	4.5 oz	-	-	C-package	r1-main	held
14 oz cans coconut milk	needs_review	-	-	-	-	-	S	C-package	r1-main	held
15-oz cans black beans, drained	needs_review	-	-	-	-	-	S	C-package	r1-main	held
8 oz pork tenderloin	ready	pork tenderloin	8	oz	-	-	-	C-package	r1-main	held
12 oz flank steak	ready	flank steak	12	oz	-	-	-	C-package	r1-main	held
24 oz canned crushed tomatoes	ready	canned crushed tomatoes	24	oz	-	-	-	C-package	r1-main	held
15 oz tinned chickpeas	ready	tinned chickpeas	15	oz	-	-	-	C-package	r1-main	held
16 oz jarred marinara	ready	jarred marinara	16	oz	-	-	-	C-package	r1-main	held
3 (10 oz) bags baby spinach	ready	baby spinach	3	bag	10 oz	-	-	C-package	r1-main	held
2 (1 lb) loaves sourdough	ready	sourdough	2	loaf	1 lb	-	-	C-package	r1-main	held
1 (750 ml) bottle dry white wine	ready	dry white wine	1	bottle	750 ml	-	-	C-package	r1-main	held
2 (16-ounce) boxes ziti	ready	ziti	2	box	16 oz	-	-	C-package	r1-main	held
1 (1.25 oz) packet taco seasoning	ready	taco seasoning	1	packet	5/4 oz	-	-	C-package	r1-main	held
4 (8 oz) jars pesto	ready	pesto	4	jar	8 oz	-	-	C-package	r1-main	held
1 (5 lb) bag bread flour	ready	bread flour	1	bag	5 lb	-	-	C-package	r1-main	held
1 (2 lb) block processed cheese	ready	processed cheese	1	block	2 lb	-	-	C-package	r1-main	held
2 (11 oz) tubes refrigerated breadstick dough	ready	refrigerated breadstick dough	2	tube	11 oz	-	-	C-package	r1-main	held
1 (32-ounce) container plain yogurt	ready	plain yogurt	1	container	32 oz	-	-	C-package	r1-main	held
1 2-pound bag carrots	ready	carrots	1	bag	2 lb	-	-	C-package	r1-main	held
2 1-lb bags frozen shrimp	ready	frozen shrimp	2	bag	1 lb	-	-	C-package	r1-main	held
1 (14 oz) block extra-firm tofu	ready	extra-firm tofu	1	block	14 oz	-	-	C-package	r1-main	held
2 (7 oz) blocks firm tofu	ready	firm tofu	2	block	7 oz	-	-	C-package	r1-main	held
1 small can tomato sauce	ready	tomato sauce	1	can	-	-	-	C-package	r1-main	held
1 large can crushed tomatoes	ready	crushed tomatoes	1	can	-	-	-	C-package	r1-main	held
2 (8 oz) ribeye steaks	ready	ribeye steaks	2	each	-	-	-	C-perpiece	r1-main	held
4 (6 ounce) boneless chicken breasts	ready	boneless chicken breasts	4	each	-	-	-	C-perpiece	r1-main	held
6 (4-oz) tilapia fillets	ready	tilapia	6	fillet	-	-	-	C-perpiece	r1-main	held
2 (10-ounce) bone-in pork chops	ready	bone-in pork chops	2	each	-	-	-	C-perpiece	r1-main	held
1 (3 lb) whole chicken	ready	whole chicken	1	each	-	-	-	C-perpiece	r1-main	held
a 4-pound pork shoulder	ready	pork shoulder	1	each	-	-	-	C-perpiece	r1-main	held
1 (2-lb) flank steak	ready	flank steak	1	each	-	-	-	C-perpiece	r1-main	held
2 (3-pound) chickens	ready	chickens	2	each	-	-	-	C-perpiece	r1-main	held
4 salmon fillets (5 oz each)	ready	salmon	4	fillet	-	-	-	C-perpiece	r1-main	held
6 lamb chops (about 4 oz each)	ready	lamb chops	6	each	-	-	-	C-perpiece	r1-main	held
3 (1 lb) eggplants	ready	eggplants	3	each	-	-	-	C-perpiece	r1-main	held
1 (1 lb) pork tenderloin	ready	pork tenderloin	1	each	-	-	-	C-perpiece	r1-main	held
1 4-lb chicken	ready	chicken	1	each	-	-	-	C-perpiece	r1-main	held
4 6-oz salmon fillets	ready	salmon	4	fillet	-	-	-	C-perpiece	r1-main	held
2 8-ounce sirloin steaks	ready	sirloin steaks	2	each	-	-	-	C-perpiece	r1-main	held
4 (5-oz) halibut fillets	ready	halibut	4	fillet	-	-	-	C-perpiece	r1-main	held
2 cod fillets (6 oz each)	ready	cod	2	fillet	-	-	-	C-perpiece	r1-main	held
2 lbs large shrimp, peeled and deveined	ready	shrimp	2	lb	-	-	-	C-size	r1-main	held
1 lb small new potatoes	ready	new potatoes	1	lb	-	-	-	C-size	r1-main	held
3 medium carrots, peeled	ready	carrots	3	each	-	-	-	C-size	r1-main	held
2 jumbo eggs	ready	eggs	2	each	-	-	-	C-size	r1-main	held
1 big yellow onion	ready	yellow onion	1	each	-	-	-	C-size	r1-main	held
2 cups long-grain white rice	ready	long-grain white rice	2	cup	-	-	-	C-size	r1-main	held
1 jar mild salsa	ready	mild salsa	1	jar	-	-	-	C-size	r1-main	held
1 jar medium chunky salsa	ready	medium chunky salsa	1	jar	-	-	-	C-size	r1-main	held
1 box jumbo pasta shells	ready	jumbo pasta shells	1	box	-	-	-	C-size	r1-main	held
1 cup mini chocolate chips	ready	mini chocolate chips	1	cup	-	-	-	C-size	r1-main	held
2 cups petite peas	ready	petite peas	2	cup	-	-	-	C-size	r1-main	held
1 can petite diced tomatoes	ready	petite diced tomatoes	1	can	-	-	-	C-size	r1-main	held
2 cups baby carrots	ready	baby carrots	2	cup	-	-	-	C-size	r1-main	held
8 oz baby bella mushrooms	ready	baby bella mushrooms	8	oz	-	-	-	C-size	r1-main	held
1 cup large-flake coconut	ready	large-flake coconut	1	cup	-	-	-	C-size	r1-main	held
1 lb medium shrimp	ready	shrimp	1	lb	-	-	-	C-size	r1-main	held
4 large russet potatoes	ready	russet potatoes	4	each	-	-	-	C-size	r1-main	held
1 lg. sweet onion	ready	sweet onion	1	each	-	-	-	C-size	r1-main	held
2 med zucchini	ready	zucchini	2	each	-	-	-	C-size	r1-main	held
3 sm. shallots	ready	shallots	3	each	-	-	-	C-size	r1-main	held
1 large bunch cilantro	ready	cilantro	1	bunch	-	-	-	C-size	r1-main	held
2 medium heads broccoli	ready	broccoli	2	head	-	-	-	C-size	r1-main	held
1 lb jumbo lump crab meat	ready	jumbo lump crab meat	1	lb	-	-	-	C-size	r1-main	held
1 small pinch saffron	ready	saffron	1	pinch	-	-	-	C-size	r1-main	held
Large pinch of flaky salt	ready	flaky salt	1	pinch	-	-	-	C-size	r1-main	held
Splash of red wine vinegar	ready	red wine vinegar	1	splash	-	-	-	C-size	r1-main	held
Handful of fresh basil	ready	fresh basil|basil	1	handful	-	-	-	C-size	r1-main	held
Calories: 412kcal	unsupported	-	-	-	-	-	-	D-nutrition	r1-main	held
Calories 290	unsupported	-	-	-	-	-	-	D-nutrition	r1-main	held
Total Fat 14g	unsupported	-	-	-	-	-	-	D-nutrition	r1-main	held
Saturated Fat: 4 g	unsupported	-	-	-	-	-	-	D-nutrition	r1-main	held
Trans Fat 0g	unsupported	-	-	-	-	-	-	D-nutrition	r1-main	held
Cholesterol: 95mg	unsupported	-	-	-	-	-	-	D-nutrition	r1-main	held
Sodium 720 mg	unsupported	-	-	-	-	-	-	D-nutrition	r1-main	held
Potassium: 410 mg	unsupported	-	-	-	-	-	-	D-nutrition	r1-main	held
Total Carbohydrate 38g	unsupported	-	-	-	-	-	-	D-nutrition	r1-main	held
Dietary Fiber: 5 g	unsupported	-	-	-	-	-	-	D-nutrition	r1-main	held
Sugars 9g	unsupported	-	-	-	-	-	-	D-nutrition	r1-main	held
Added Sugars: 2 g	unsupported	-	-	-	-	-	-	D-nutrition	r1-main	held
Protein: 24 g	unsupported	-	-	-	-	-	-	D-nutrition	r1-main	held
Vitamin A: 12%	unsupported	-	-	-	-	-	-	D-nutrition	r1-main	held
Vitamin C 25%	unsupported	-	-	-	-	-	-	D-nutrition	r1-main	held
Calcium 15%	unsupported	-	-	-	-	-	-	D-nutrition	r1-main	held
Iron: 2.1 mg	unsupported	-	-	-	-	-	-	D-nutrition	r1-main	held
Vitamin D: 1.2 mcg	unsupported	-	-	-	-	-	-	D-nutrition	r1-main	held
Vitamin B6 0.4 mg	unsupported	-	-	-	-	-	-	D-nutrition	r1-main	held
Magnesium: 55 mg	unsupported	-	-	-	-	-	-	D-nutrition	r1-main	held
Zinc 3 mg	unsupported	-	-	-	-	-	-	D-nutrition	r1-main	held
Caffeine: 60 mg	unsupported	-	-	-	-	-	-	D-nutrition	r1-main	held
Net Carbs: 6 g	unsupported	-	-	-	-	-	-	D-nutrition	r1-main	held
Serving Size: 1 slice	unsupported	-	-	-	-	-	-	D-nutrition	r1-main	held
Serving size 2 cookies (40 g)	unsupported	-	-	-	-	-	-	D-nutrition	r1-main	seen
Calories: 412kcal | Carbohydrates: 52g | Protein: 18g	unsupported	-	-	-	-	-	-	D-nutrition	r1-main	seen
Fat: 9g (14% DV)	unsupported	-	-	-	-	-	-	D-nutrition	r1-main	held
Polyunsaturated fat: 1.5 g	unsupported	-	-	-	-	-	-	D-nutrition	r1-main	held
Folate 45 mcg	unsupported	-	-	-	-	-	-	D-nutrition	r1-main	held
Kcal 350	unsupported	-	-	-	-	-	-	D-nutrition	r1-main	held
250 calories per serving	unsupported	-	-	-	-	-	-	D-nutrition	r1-main	held
Fibre 4.2g	unsupported	-	-	-	-	-	-	D-nutrition	r1-main	held
Carbs: 30 g	unsupported	-	-	-	-	-	-	D-nutrition	r1-main	held
Sat. fat: 3 g	unsupported	-	-	-	-	-	-	D-nutrition	r1-main	seen
Vitamin K 18 µg	unsupported	-	-	-	-	-	-	D-nutrition	r1-main	held
Sodium: 1,050 mg	unsupported	-	-	-	-	-	-	D-nutrition	r1-main	held
Sugar 22g	needs_review	-	-	-	-	-	S	D-nutrition	r1-main	held
Salt: 0.9 g	needs_review	-	-	-	-	-	S	D-nutrition	r1-main	held
Sugar: 3/4 cup	ready	Sugar	3/4	cup	-	-	-	D-nutrition	r1-main	held
18 g protein	unsupported	-	-	-	-	-	D	D-nutrition	r1-main	seen
12 g fat	unsupported	-	-	-	-	-	D	D-nutrition	r1-main	seen
WW SmartPoints: 5	unsupported	-	-	-	-	-	-	D-points	r1-main	held
Weight Watchers Points 3	unsupported	-	-	-	-	-	-	D-points	r1-main	held
Points: 7	unsupported	-	-	-	-	-	-	D-points	r1-main	held
WW Blue Points 4	unsupported	-	-	-	-	-	-	D-points	r1-main	held
4.7 from 89 votes	unsupported	-	-	-	-	-	-	D-rating	r1-main	held
Rated 4.9 out of 5	unsupported	-	-	-	-	-	-	D-rating	r1-main	held
4.5 stars	unsupported	-	-	-	-	-	-	D-rating	r1-main	held
5 out of 5 stars (14 reviews)	unsupported	-	-	-	-	-	-	D-rating	r1-main	held
3.8/5 (26 ratings)	unsupported	-	-	-	-	-	-	D-rating	r1-main	held
4.6 (1,024 reviews)	unsupported	-	-	-	-	-	-	D-rating	r1-main	held
No reviews yet	unsupported	-	-	-	-	-	-	D-rating	r1-main	seen
Average rating 4.2	unsupported	-	-	-	-	-	-	D-rating	r1-main	held
Be the first to leave a review	unsupported	-	-	-	-	-	-	D-rating	r1-main	held
★★★★★ (212)	unsupported	-	-	-	-	-	-	D-rating	r1-main	seen
4.9 stars from 1,532 reviews	unsupported	-	-	-	-	-	-	D-rating	r1-main	held
Cook time 45 mins	unsupported	-	-	-	-	-	-	D-time	r1-main	held
Total: 1 hr 15 mins	unsupported	-	-	-	-	-	-	D-time	r1-main	held
Prep 20 min	unsupported	-	-	-	-	-	-	D-time	r1-main	held
Bake: 35-40 minutes	unsupported	-	-	-	-	-	-	D-time	r1-main	held
Chill 4 hours	unsupported	-	-	-	-	-	-	D-time	r1-main	held
Rest time: 10 minutes	unsupported	-	-	-	-	-	-	D-time	r1-main	held
Ready in 30 minutes	unsupported	-	-	-	-	-	-	D-time	r1-main	held
Marinate 2 hours or overnight	unsupported	-	-	-	-	-	-	D-time	r1-main	held
Active: 25 mins	unsupported	-	-	-	-	-	-	D-time	r1-main	held
Rise: 1 1/2 hours	unsupported	-	-	-	-	-	-	D-time	r1-main	held
Inactive Time: 6 hours	unsupported	-	-	-	-	-	-	D-time	r1-main	held
Cooling time 1 hour	unsupported	-	-	-	-	-	-	D-time	r1-main	held
Freeze: 3 hours	unsupported	-	-	-	-	-	-	D-time	r1-main	held
Soak time: 8 hours	unsupported	-	-	-	-	-	-	D-time	r1-main	held
Prep Time 10 mins Cook Time 25 mins Total Time 35 mins	unsupported	-	-	-	-	-	-	D-time	r1-main	held
Total Time: 1 hour 5 minutes	unsupported	-	-	-	-	-	-	D-time	r1-main	held
Slow cooker: 8 hours on low	unsupported	-	-	-	-	-	-	D-time	r1-main	held
Pressure cook 12 minutes	unsupported	-	-	-	-	-	-	D-time	r1-main	seen
Proofing: 45 min	unsupported	-	-	-	-	-	-	D-time	r1-main	held
Course: Main Course	unsupported	-	-	-	-	-	-	D-meta	r1-main	held
Cuisine: Thai	unsupported	-	-	-	-	-	-	D-meta	r1-main	held
Keyword: one-pan dinner	unsupported	-	-	-	-	-	-	D-meta	r1-main	held
Servings: 6 servings	unsupported	-	-	-	-	-	-	D-meta	r1-main	held
Serves 8 to 10	unsupported	-	-	-	-	-	-	D-meta	r1-main	held
Makes 18 cookies	unsupported	-	-	-	-	-	-	D-meta	r1-main	held
Makes about 3 cups	unsupported	-	-	-	-	-	-	D-meta	r1-main	held
Yield: 2 9-inch pies	unsupported	-	-	-	-	-	-	D-meta	r1-main	held
Yields: 24 pieces	unsupported	-	-	-	-	-	-	D-meta	r1-main	held
Author: Example Kitchen	unsupported	-	-	-	-	-	-	D-meta	r1-main	held
Diet: Gluten Free	unsupported	-	-	-	-	-	-	D-meta	r1-main	held
Difficulty: Medium	unsupported	-	-	-	-	-	-	D-meta	r1-main	held
Category: Appetizer	unsupported	-	-	-	-	-	-	D-meta	r1-main	held
Servings 4 people	unsupported	-	-	-	-	-	-	D-meta	r1-main	held
Cost: $12	unsupported	-	-	-	-	-	-	D-meta	r1-main	held
Equipment: blender	unsupported	-	-	-	-	-	-	D-meta	r1-main	held
Calories per serving: 380	unsupported	-	-	-	-	-	-	D-meta	r1-main	held
Yield: 1 (9x13) pan	unsupported	-	-	-	-	-	-	D-meta	r1-main	held
Makes 2 loaves	unsupported	-	-	-	-	-	-	D-meta	r1-main	held
Serves: 4 as a main	unsupported	-	-	-	-	-	-	D-meta	r1-main	held
Print This Recipe	unsupported	-	-	-	-	-	-	D-furniture	r1-main	held
Pin This Recipe	unsupported	-	-	-	-	-	-	D-furniture	r1-main	held
Jump to Video	unsupported	-	-	-	-	-	-	D-furniture	r1-main	held
Save to Recipe Box	unsupported	-	-	-	-	-	-	D-furniture	r1-main	seen
Rate This Recipe	unsupported	-	-	-	-	-	-	D-furniture	r1-main	held
Watch How to Make It	unsupported	-	-	-	-	-	-	D-furniture	r1-main	held
Recipe Video Above	unsupported	-	-	-	-	-	-	D-furniture	r1-main	held
Cook Mode	unsupported	-	-	-	-	-	-	D-furniture	r1-main	seen
Did you make this recipe?	unsupported	-	-	-	-	-	-	D-furniture	r1-main	seen
Leave a comment below	unsupported	-	-	-	-	-	-	D-furniture	r1-main	held
Scroll to Continue	unsupported	-	-	-	-	-	-	D-furniture	r1-main	held
Show Nutrition Facts	unsupported	-	-	-	-	-	-	D-furniture	r1-main	held
Hide Images	unsupported	-	-	-	-	-	-	D-furniture	r1-main	seen
US Customary - Metric	unsupported	-	-	-	-	-	-	D-furniture	r1-main	held
Add all ingredients to shopping list	unsupported	-	-	-	-	-	-	D-furniture	r1-main	held
Shop Ingredients	unsupported	-	-	-	-	-	-	D-furniture	r1-main	held
Nutrition Information	unsupported	-	-	-	-	-	-	D-furniture	r1-main	held
Tap or click steps to mark as complete	unsupported	-	-	-	-	-	-	D-furniture	r1-main	seen
Sponsored Content	unsupported	-	-	-	-	-	-	D-furniture	r1-main	held
Skip to content	unsupported	-	-	-	-	-	-	D-furniture	r1-main	seen
Get the Recipe	unsupported	-	-	-	-	-	-	D-furniture	r1-main	seen
1 rolling pin	unsupported	-	-	-	-	-	-	D-equipment	r1-main	seen
1 (9-inch) pie plate	unsupported	-	-	-	-	-	-	D-equipment	r1-main	seen
1 large Dutch oven	unsupported	-	-	-	-	-	-	D-equipment	r1-main	seen
1 12-cup Bundt pan	unsupported	-	-	-	-	-	-	D-equipment	r1-main	seen
1 4-quart slow cooker	unsupported	-	-	-	-	-	-	D-equipment	r1-main	seen
1 2-quart baking dish	unsupported	-	-	-	-	-	-	D-equipment	r1-main	seen
1 half sheet pan	unsupported	-	-	-	-	-	-	D-equipment	r1-main	held
6 popsicle sticks	unsupported	-	-	-	-	-	-	D-equipment	r1-main	seen
1 roll kitchen twine	unsupported	-	-	-	-	-	-	D-equipment	r1-main	seen
1 box toothpicks	unsupported	-	-	-	-	-	-	D-equipment	r1-main	seen
12 paper baking cups	unsupported	-	-	-	-	-	-	D-equipment	r1-main	seen
24 mini cupcake liners	unsupported	-	-	-	-	-	-	D-equipment	r1-main	seen
1 sheet parchment paper	unsupported	-	-	-	-	-	-	D-equipment	r1-main	held
2 sheets aluminum foil	unsupported	-	-	-	-	-	-	D-equipment	r1-main	seen
1 gallon-size zip-top bag	unsupported	-	-	-	-	-	-	D-equipment	r1-main	seen
1 kitchen scale	unsupported	-	-	-	-	-	-	D-equipment	r1-main	seen
1 pastry brush	unsupported	-	-	-	-	-	-	D-equipment	r1-main	seen
1 instant-read thermometer	unsupported	-	-	-	-	-	-	D-equipment	r1-main	seen
4 (8 oz) ramekins	unsupported	-	-	-	-	-	-	D-equipment	r1-main	held
8 wooden skewers, soaked	unsupported	-	-	-	-	-	-	D-equipment	r1-main	held
1 pizza stone	unsupported	-	-	-	-	-	-	D-equipment	r1-main	seen
1 piping bag fitted with a star tip	unsupported	-	-	-	-	-	-	D-equipment	r1-main	seen
1 spice grinder	unsupported	-	-	-	-	-	-	D-equipment	r1-main	seen
1 fine-mesh strainer	unsupported	-	-	-	-	-	-	D-equipment	r1-main	held
2 mason jars	unsupported	-	-	-	-	-	-	D-equipment	r1-main	seen
1 cocktail shaker	unsupported	-	-	-	-	-	-	D-equipment	r1-main	seen
1 muffin tin	unsupported	-	-	-	-	-	-	D-equipment	r1-main	held
1 loaf tin	unsupported	-	-	-	-	-	-	D-equipment	r1-main	held
1 cake tin (20 cm)	unsupported	-	-	-	-	-	-	D-equipment	r1-main	held
2 cooling racks	unsupported	-	-	-	-	-	-	D-equipment	r1-main	held
1 springform pan (10-inch)	unsupported	-	-	-	-	-	-	D-equipment	r1-main	held
1 cast iron skillet	unsupported	-	-	-	-	-	-	D-equipment	r1-main	seen
1 wok	unsupported	-	-	-	-	-	-	D-equipment	r1-main	seen
1 candy thermometer	unsupported	-	-	-	-	-	-	D-equipment	r1-main	seen
6 lollipop sticks	unsupported	-	-	-	-	-	-	D-equipment	r1-main	seen
1 egg slicer	unsupported	-	-	-	-	-	-	D-equipment	r1-main	seen
1 pie dish	unsupported	-	-	-	-	-	-	D-equipment	r1-main	held
1 roasting tin	unsupported	-	-	-	-	-	-	D-equipment	r1-main	held
Step 5	unsupported	-	-	-	-	-	-	D-step	r1-main	held
STEP 2: Fold in the berries.	unsupported	-	-	-	-	-	-	D-step	r1-main	held
1. Preheat the oven to 400°F.	unsupported	-	-	-	-	-	-	D-step	r1-main	held
2) Grease a 9-inch pan.	unsupported	-	-	-	-	-	-	D-step	r1-main	held
Brown the ground beef in a large skillet.	unsupported	-	-	-	-	-	-	D-step	r1-main	held
Top with fresh basil and serve.	unsupported	-	-	-	-	-	-	D-step	r1-main	held
Roast for 25 minutes, flipping halfway.	unsupported	-	-	-	-	-	-	D-step	r1-main	held
Grill over medium-high heat for 4 minutes per side.	unsupported	-	-	-	-	-	-	D-step	r1-main	held
Cool completely on a wire rack.	unsupported	-	-	-	-	-	-	D-step	r1-main	held
Toast the pine nuts in a dry pan.	unsupported	-	-	-	-	-	-	D-step	r1-main	held
Fry the tortillas until crisp.	unsupported	-	-	-	-	-	-	D-step	r1-main	held
Store in an airtight container for up to 5 days.	unsupported	-	-	-	-	-	-	D-step	r1-main	held
Taste and adjust the seasoning.	unsupported	-	-	-	-	-	-	D-step	r1-main	held
Stir in 1 cup grated Parmesan.	unsupported	-	-	-	-	-	-	D-step	r1-main	held
Whisk 2 eggs with the milk.	unsupported	-	-	-	-	-	-	D-step	r1-main	held
Add 1 tbsp butter to the pan.	unsupported	-	-	-	-	-	-	D-step	r1-main	held
Sprinkle with 2 tbsp sesame seeds.	unsupported	-	-	-	-	-	-	D-step	r1-main	held
Bake at 375°F for 20 minutes.	unsupported	-	-	-	-	-	-	D-step	r1-main	held
Season the chicken generously with salt.	unsupported	-	-	-	-	-	-	D-step	r1-main	held
Squeeze the lemon over the fish.	unsupported	-	-	-	-	-	-	D-step	r1-main	held
Enjoy!	unsupported	-	-	-	-	-	-	D-step	r1-main	seen
Serve immediately.	unsupported	-	-	-	-	-	-	D-step	r1-main	held
Garnish with lime wedges.	unsupported	-	-	-	-	-	-	D-step	r1-main	held
Drizzle with olive oil before serving.	unsupported	-	-	-	-	-	-	D-step	r1-main	held
Peel and chop the potatoes.	unsupported	-	-	-	-	-	-	D-step	r1-main	held
Slice the steak against the grain.	unsupported	-	-	-	-	-	-	D-step	r1-main	held
Tip: Use a serrated knife.	unsupported	-	-	-	-	-	-	D-step	r1-main	held
Refrigerate overnight.	unsupported	-	-	-	-	-	-	D-step	r1-main	held
Pulse until smooth.	unsupported	-	-	-	-	-	-	D-step	r1-main	held
Line a baking sheet with parchment.	unsupported	-	-	-	-	-	-	D-step	r1-main	held
Boil the pasta in salted water for 8 minutes.	unsupported	-	-	-	-	-	-	D-step	r1-main	held
Sear the scallops 2 minutes per side.	unsupported	-	-	-	-	-	-	D-step	r1-main	held
Roll the dough into 12 balls.	unsupported	-	-	-	-	-	-	D-step	r1-main	held
Cut the butter into the flour.	unsupported	-	-	-	-	-	-	D-step	r1-main	held
Spread the frosting over the cooled cake.	unsupported	-	-	-	-	-	-	D-step	r1-main	held
Steam the broccoli for 5 minutes.	unsupported	-	-	-	-	-	-	D-step	r1-main	held
Braise for 2 hours.	unsupported	-	-	-	-	-	-	D-step	r1-main	held
Reduce heat and simmer 10 minutes.	unsupported	-	-	-	-	-	-	D-step	r1-main	held
Crack the eggs into a bowl.	unsupported	-	-	-	-	-	-	D-step	r1-main	held
Grate the zest of 1 lemon.	unsupported	-	-	-	-	-	-	D-step	r1-main	held
Shake well before using.	unsupported	-	-	-	-	-	-	D-step	r1-main	held
For the crust	unsupported	-	-	-	-	-	-	D-heading	r1-main	held
Glaze	unsupported	-	-	-	-	-	-	D-heading	r1-main	held
Pie Filling	unsupported	-	-	-	-	-	-	D-heading	r1-main	held
Cookie Dough	unsupported	-	-	-	-	-	-	D-heading	r1-main	held
Tart Crust:	unsupported	-	-	-	-	-	-	D-heading	r1-main	held
Salad Dressing	unsupported	-	-	-	-	-	-	D-heading	r1-main	held
Pizza Sauce	unsupported	-	-	-	-	-	-	D-heading	r1-main	held
For serving:	unsupported	-	-	-	-	-	-	D-heading	r1-main	held
For the chicken marinade	unsupported	-	-	-	-	-	-	D-heading	r1-main	held
The Dressing	unsupported	-	-	-	-	-	-	D-heading	r1-main	held
Assembly	unsupported	-	-	-	-	-	-	D-heading	r1-main	held
Sauce:	unsupported	-	-	-	-	-	-	D-heading	r1-main	held
Main Ingredients	unsupported	-	-	-	-	-	-	D-heading	r1-main	held
Vegetables:	unsupported	-	-	-	-	-	-	D-heading	r1-main	held
For the meatballs	unsupported	-	-	-	-	-	-	D-heading	r1-main	held
Cake Batter	unsupported	-	-	-	-	-	-	D-heading	r1-main	held
TOPPINGS	unsupported	-	-	-	-	-	-	D-heading	r1-main	held
For the quick pickles:	unsupported	-	-	-	-	-	-	D-heading	r1-main	held
Pancake Batter	unsupported	-	-	-	-	-	-	D-heading	r1-main	held
Brownie Layer	unsupported	-	-	-	-	-	-	D-heading	r1-main	held
Bread Dough	unsupported	-	-	-	-	-	-	D-heading	r1-main	held
Caramel Sauce	needs_review	Caramel Sauce	-	-	-	-	-	D-heading	r1-main	held
Cream Cheese Frosting	needs_review	Cream Cheese Frosting	-	-	-	-	-	D-heading	r1-main	held
Lemon Glaze	needs_review	Lemon Glaze	-	-	-	-	-	D-heading	r1-main	held
Crumb Topping	needs_review	Crumb Topping	-	-	-	-	-	D-heading	r1-main	held
Tzatziki	needs_review	Tzatziki	-	-	-	-	-	D-heading	r1-main	held
Garlic bread	needs_review	Garlic bread	-	-	-	-	-	D-heading	r1-main	held
Tortilla chips	needs_review	Tortilla chips	-	-	-	-	-	D-heading	r1-main	held
Streusel	needs_review	Streusel	-	-	-	-	D	D-heading	r1-main	held
Optional Toppings	unsupported	-	-	-	-	-	D	D-heading	r1-main	held
1 scoop vanilla protein powder	ready	vanilla protein powder	1	scoop	-	-	-	D-foodlike	r1-main	held
2 tbsp fat-free half-and-half	ready	fat-free half-and-half	2	tbsp	-	-	-	D-foodlike	r1-main	held
1 tbsp low-sodium chicken bouillon granules	ready	low-sodium chicken bouillon granules	1	tbsp	-	-	-	D-foodlike	r1-main	held
1/2 cup reduced-sugar ketchup	ready	reduced-sugar ketchup	1/2	cup	-	-	-	D-foodlike	r1-main	held
8 oz high-protein pasta	ready	high-protein pasta	8	oz	-	-	-	D-foodlike	r1-main	held
2 tbsp calorie-free sweetener	ready	calorie-free sweetener	2	tbsp	-	-	-	D-foodlike	r1-main	held
1 can energy drink	ready	energy drink	1	can	-	-	-	D-foodlike	r1-main	held
4 protein bars	ready	protein bars	4	each	-	-	-	D-foodlike	r1-main	held
2 granola bars, crumbled	ready	granola bars	2	each	-	-	-	D-foodlike	r1-main	held
1 cup crispy rice cereal	ready	crispy rice cereal	1	cup	-	-	-	D-foodlike	r1-main	held
1 cup cooking sherry	ready	cooking sherry	1	cup	-	-	-	D-foodlike	r1-main	held
2 tbsp prepared horseradish	ready	prepared horseradish	2	tbsp	-	-	-	D-foodlike	r1-main	held
1 pie crust	ready	pie crust	1	each	-	-	-	D-foodlike	r1-main	held
1 (9-inch) graham cracker crust	ready	graham cracker crust	1	each	-	-	-	D-foodlike	r1-main	held
1 cup pizza sauce	ready	pizza sauce	1	cup	-	-	-	D-foodlike	r1-main	held
2 cups red enchilada sauce	ready	red enchilada sauce	2	cup	-	-	-	D-foodlike	r1-main	held
1 tub vanilla frosting	ready	vanilla frosting	1	container	-	-	-	D-foodlike	r1-main	held
1 can cream cheese frosting	ready	cream cheese frosting	1	can	-	-	-	D-foodlike	r1-main	held
1 lb whole wheat pizza dough	ready	whole wheat pizza dough	1	lb	-	-	-	D-foodlike	r1-main	held
1 sheet frozen puff pastry	ready	frozen puff pastry	1	sheet	-	-	-	D-foodlike	r1-main	held
1 box fudge brownie mix	ready	fudge brownie mix	1	box	-	-	-	D-foodlike	r1-main	held
4 tea bags	ready	tea bags	4	each	-	-	-	D-foodlike	r1-main	held
4 chicken skewers	ready	chicken skewers	4	each	-	-	D	D-foodlike	r1-main	held
1 pan dulce	ready	pan dulce	1	each	-	-	-	D-foodlike	r1-main	held
1 bag frozen potstickers	ready	frozen potstickers	1	bag	-	-	-	D-foodlike	r1-main	held
3 lb pot roast	ready	pot roast	3	lb	-	-	-	D-foodlike	r1-main	held
1 cup prep-free salad mix	ready	prep-free salad mix	1	cup	-	-	D	D-foodlike	r1-main	held
1 lb Italian sausage, casings removed	ready	Italian sausage	1	lb	-	-	-	D-foodlike	r1-main	held
1/2 cup sweetened dried cranberries	ready	sweetened dried cranberries	1/2	cup	-	-	-	D-foodlike	r1-main	held
1 cup iron-fortified baby cereal	ready	iron-fortified baby cereal	1	cup	-	-	-	D-foodlike	r1-main	held
2 cups vitamin D milk	ready	vitamin D milk	2	cup	-	-	-	D-foodlike	r1-main	held
1 tbsp calcium-fortified orange juice	ready	calcium-fortified orange juice	1	tbsp	-	-	-	D-foodlike	r1-main	held
1 lb stew beef	ready	stew beef	1	lb	-	-	-	D-foodlike	r1-main	held
1 jar Thai red curry paste	ready	Thai red curry paste	1	jar	-	-	-	D-foodlike	r1-main	held
Protein: 1 lb extra-firm tofu	ready	extra-firm tofu	1	lb	-	-	D	D-foodlike	r1-main	held
1 package wooden skewers	unsupported	-	-	-	-	-	-	D-foodlike	r1-main	seen
1 bottle cooking spray	ready	cooking spray	1	bottle	-	-	-	D-foodlike	r1-main	held
2 cups cooked egg noodles	ready	egg noodles	2	cup	-	-	-	D-foodlike	r1-main	held
1 baking stone	unsupported	-	-	-	-	-	-	S-equipment	r1-supp	seen
1 stockpot	unsupported	-	-	-	-	-	-	S-equipment	r1-supp	seen
1 large saucepan	unsupported	-	-	-	-	-	-	S-equipment	r1-supp	seen
1 pair of tongs	unsupported	-	-	-	-	-	-	S-equipment	r1-supp	held
1 ice cream maker	unsupported	-	-	-	-	-	-	S-equipment	r1-supp	seen
1 waffle iron	unsupported	-	-	-	-	-	-	S-equipment	r1-supp	seen
1 immersion blender	unsupported	-	-	-	-	-	-	S-equipment	r1-supp	seen
1 box grater	unsupported	-	-	-	-	-	-	S-equipment	r1-supp	seen
1 grill pan	unsupported	-	-	-	-	-	-	S-equipment	r1-supp	seen
1 meat mallet	unsupported	-	-	-	-	-	-	S-equipment	r1-supp	seen
1 mortar and pestle	unsupported	-	-	-	-	-	-	S-equipment	r1-supp	seen
1 microplane	unsupported	-	-	-	-	-	-	S-equipment	r1-supp	seen
1 salad spinner	unsupported	-	-	-	-	-	-	S-equipment	r1-supp	seen
1 bench scraper	unsupported	-	-	-	-	-	-	S-equipment	r1-supp	seen
1 pastry cutter	unsupported	-	-	-	-	-	-	S-equipment	r1-supp	held
1 kitchen torch	unsupported	-	-	-	-	-	-	S-equipment	r1-supp	seen
6 canning jars with lids	unsupported	-	-	-	-	-	-	S-equipment	r1-supp	seen
1 heavy-bottomed pot	unsupported	-	-	-	-	-	-	S-equipment	r1-supp	seen
1 sheet of wax paper	unsupported	-	-	-	-	-	-	S-equipment	r1-supp	seen
1 roll plastic wrap	unsupported	-	-	-	-	-	-	S-equipment	r1-supp	seen
2 pieces kitchen string	unsupported	-	-	-	-	-	-	S-equipment	r1-supp	seen
12 cupcake wrappers	unsupported	-	-	-	-	-	-	S-equipment	r1-supp	seen
1 package paper towels	unsupported	-	-	-	-	-	-	S-equipment	r1-supp	seen
1 bag ice pop molds	unsupported	-	-	-	-	-	-	S-equipment	r1-supp	seen
1 tart ring	unsupported	-	-	-	-	-	-	S-equipment	r1-supp	seen
1 baking steel	unsupported	-	-	-	-	-	-	S-equipment	r1-supp	seen
2 large mixing bowls	unsupported	-	-	-	-	-	-	S-equipment	r1-supp	held
1 rubber spatula	unsupported	-	-	-	-	-	-	S-equipment	r1-supp	seen
1 offset spatula	unsupported	-	-	-	-	-	-	S-equipment	r1-supp	seen
1 vegetable peeler	unsupported	-	-	-	-	-	-	S-equipment	r1-supp	seen
1 garlic press	unsupported	-	-	-	-	-	-	S-equipment	r1-supp	seen
1 citrus juicer	unsupported	-	-	-	-	-	-	S-equipment	r1-supp	seen
1 deep-fry thermometer	unsupported	-	-	-	-	-	-	S-equipment	r1-supp	seen
1 nonstick skillet	unsupported	-	-	-	-	-	-	S-equipment	r1-supp	held
4 small glass jars	unsupported	-	-	-	-	-	-	S-equipment	r1-supp	held
1 trussing needle	unsupported	-	-	-	-	-	-	S-equipment	r1-supp	seen
2 oven mitts	unsupported	-	-	-	-	-	-	S-equipment	r1-supp	seen
1 kitchen timer	unsupported	-	-	-	-	-	-	S-equipment	r1-supp	seen
1 sushi mat	unsupported	-	-	-	-	-	-	S-equipment	r1-supp	seen
1 potato masher	unsupported	-	-	-	-	-	-	S-equipment	r1-supp	seen
4 rib eye steaks	ready	rib eye steaks	4	each	-	-	-	S-countnoun-compound	r1-supp	seen
2 T-bone steaks	ready	T-bone steaks	2	each	-	-	-	S-countnoun-compound	r1-supp	held
2 t-bone steaks	ready	t-bone steaks	2	each	-	-	-	S-countnoun-compound	r1-supp	held
4 strip loin steaks	ready	strip loin steaks	4	each	-	-	-	S-countnoun-compound	r1-supp	seen
6 stick pretzels	ready	stick pretzels	6	each	-	-	-	S-countnoun-compound	r1-supp	seen
2 piece chicken nuggets	ready	chicken nuggets	2	piece	-	-	D	S-countnoun-compound	r1-supp	seen
1 head cheese	ready	head cheese	1	each	-	-	D	S-countnoun-compound	r1-supp	seen
2 sheet pans of roasted vegetables	unsupported	-	-	-	-	-	D	S-countnoun-compound	r1-supp	seen
1 sheet cake	ready	sheet cake	1	each	-	-	D	S-countnoun-compound	r1-supp	seen
3 cube rolls	ready	cube rolls	3	each	-	-	-	S-countnoun-compound	r1-supp	seen
2 slice cheesecake	ready	cheesecake	2	slice	-	-	-	S-countnoun-compound	r1-supp	seen
4 leaf lettuce leaves	ready	leaf lettuce leaves	4	each	-	-	D	S-countnoun-compound	r1-supp	seen
2 wedge salads	ready	wedge salads	2	each	-	-	-	S-countnoun-compound	r1-supp	seen
4 link sausages	ready	link sausages	4	each	-	-	-	S-countnoun-compound	r1-supp	seen
2 ear corn	ready	corn	2	ear	-	-	-	S-countnoun-compound	r1-supp	held
1 coffee cup plain flour	needs_review	-	-	-	-	-	S	S-unknown	r1-supp	seen
1 wine glass red wine	needs_review	-	-	-	-	-	S	S-unknown	r1-supp	seen
2 soup spoons sugar	needs_review	-	-	-	-	-	S	S-unknown	r1-supp	seen
1 bowl cooked rice	needs_review	-	-	-	-	-	S	S-unknown	r1-supp	seen
2 fistfuls spinach	needs_review	-	-	-	-	-	S	S-unknown	r1-supp	seen
1 pottle cream	needs_review	-	-	-	-	-	S	S-unknown	r1-supp	seen
1 hunk Parmesan	needs_review	-	-	-	-	-	S	S-unknown	r1-supp	seen
1 chunk fresh ginger	needs_review	-	-	-	-	-	S	S-unknown	r1-supp	seen
a splosh of milk	needs_review	-	-	-	-	-	S	S-unknown	r1-supp	held
a slug of vinegar	needs_review	-	-	-	-	-	S	S-unknown	r1-supp	held
a lug of olive oil	needs_review	-	-	-	-	-	S	S-unknown	r1-supp	held
1 slab tofu	needs_review	-	-	-	-	-	S	S-unknown	r1-supp	seen
1 tub-full yogurt	needs_review	-	-	-	-	-	S	S-unknown	r1-supp	seen
3 dashes of	needs_review	-	-	-	-	-	S	S-unknown	r1-supp	held
1 can-ful water	needs_review	-	-	-	-	-	S	S-unknown	r1-supp	seen
2 sprinklings of cinnamon	needs_review	-	-	-	-	-	S	S-unknown	r1-supp	held
1 stone potatoes	needs_review	-	-	-	-	-	S	S-unknown	r1-supp	seen
1 crate oranges	needs_review	-	-	-	-	-	S	S-unknown	r1-supp	seen
1 carafe white wine	needs_review	-	-	-	-	-	S	S-unknown	r1-supp	seen
1 bucket ice	needs_review	-	-	-	-	-	S	S-unknown	r1-supp	seen
1 ramekin of sugar	needs_review	-	-	-	-	-	S	S-unknown	r1-supp	held
1 saucer milk	needs_review	-	-	-	-	-	S	S-unknown	r1-supp	seen
1 wedge brie	ready	brie	1	wedge	-	-	-	S-unknown	r1-supp	held
1 nub butter	needs_review	-	-	-	-	-	S	S-unknown	r1-supp	held
1 tbsp fresh thyme leaves or dried	needs_review	-	1	tbsp	-	fresh thyme leaves;dried thyme leaves	D	S-fresh-or-dried	r1-supp	seen
2 tsp fresh rosemary or dried	needs_review	-	2	tsp	-	fresh rosemary;dried rosemary	-	S-fresh-or-dried	r1-supp	seen
1/4 cup fresh basil or dried	needs_review	-	1/4	cup	-	fresh basil;dried basil	-	S-fresh-or-dried	r1-supp	seen
1 tbsp fresh sage or dried	needs_review	-	1	tbsp	-	fresh sage;dried sage	-	S-fresh-or-dried	r1-supp	seen
2 cups fresh cherries or frozen	needs_review	-	2	cup	-	fresh cherries;frozen cherries	-	S-fresh-or-dried	r1-supp	seen
1 lb fresh green beans or frozen	needs_review	-	1	lb	-	fresh green beans;frozen green beans	-	S-fresh-or-dried	r1-supp	seen
1 cup whole milk or skim	needs_review	-	1	cup	-	whole milk;skim milk	-	S-fresh-or-dried	r1-supp	seen
1 tbsp dried dill or fresh	needs_review	-	1	tbsp	-	dried dill;fresh dill	-	S-fresh-or-dried	r1-supp	seen
1 tbsp fresh parsley (or dried)	needs_review	-	1	tbsp	-	fresh parsley;dried parsley	D	S-fresh-or-dried	r1-supp	seen
1/2 cup raisins and cranberries	needs_review	-	-	-	-	-	S	S-and	r1-supp	seen
1 cup diced onion and celery	needs_review	-	-	-	-	-	S	S-and	r1-supp	seen
2 tbsp butter and oil	needs_review	-	-	-	-	-	S	S-and	r1-supp	seen
1 cup chopped carrots and parsnips	needs_review	-	-	-	-	-	S	S-and	r1-supp	seen
4 cups broccoli and cauliflower florets	ready	broccoli and cauliflower florets	4	cup	-	-	D	S-and	r1-supp	seen
1 lb shrimp and scallops	needs_review	-	-	-	-	-	S	S-and	r1-supp	seen
2 cups spinach and kale	needs_review	-	-	-	-	-	S	S-and	r1-supp	seen
1/4 cup sesame and flax seeds	ready	sesame and flax seeds	1/4	cup	-	-	D	S-and	r1-supp	seen
1 cup sliced peppers and onions	needs_review	-	-	-	-	-	S	S-and	r1-supp	seen
1 cup peas and carrots	ready	peas and carrots	1	cup	-	-	D	S-and	r1-supp	held
1 jar salt and pepper seasoning	ready	salt and pepper seasoning	1	jar	-	-	-	S-and	r1-supp	held
2 cups bread and butter pickles	ready	bread and butter pickles	2	cup	-	-	-	S-and	r1-supp	held
1 tbsp herbes de Provence	ready	herbes de Provence	1	tbsp	-	-	-	S-and	r1-supp	held
2 tbsp lime juice (juice of 1 lime)	needs_review	lime juice	2	tbsp	-	-	-	S-remark	r1-supp	seen
1/4 cup lemon juice (from about 2 lemons)	needs_review	lemon juice	1/4	cup	-	-	-	S-remark	r1-supp	held
3 tbsp orange juice (1 orange)	needs_review	orange juice	3	tbsp	-	-	-	S-remark	r1-supp	seen
1 cup chopped onion (1 medium onion)	ready	chopped onion|onion	1	cup	-	-	-	S-remark	r1-supp	seen
2 cups diced tomatoes (about 3 tomatoes)	ready	diced tomatoes|tomatoes	2	cup	-	-	-	S-remark	r1-supp	seen
1 tbsp minced garlic (3 cloves)	ready	minced garlic|garlic	1	tbsp	-	-	-	S-remark	r1-supp	seen
1 cup mashed banana (2 ripe bananas)	ready	mashed banana|banana	1	cup	-	-	-	S-remark	r1-supp	seen
2 tsp lemon zest (from 1 lemon)	needs_review	lemon zest	2	tsp	-	-	-	S-remark	r1-supp	held
1 cup shredded zucchini (about 1 medium)	ready	shredded zucchini|zucchini	1	cup	-	-	-	S-remark	r1-supp	seen
1 cup flour (about 130 g)	ready	flour	1	cup	-	-	-	S-remark	r1-supp	held
Carb 30g	unsupported	-	-	-	-	-	-	S-nutrition-abbrev	r1-supp	seen
Chol. 5mg	unsupported	-	-	-	-	-	-	S-nutrition-abbrev	r1-supp	held
Sod. 300mg	unsupported	-	-	-	-	-	-	S-nutrition-abbrev	r1-supp	held
Prot 20 g	unsupported	-	-	-	-	-	-	S-nutrition-abbrev	r1-supp	seen
Sat Fat 2g	unsupported	-	-	-	-	-	-	S-nutrition-abbrev	r1-supp	seen
Tot. Carb. 45 g	unsupported	-	-	-	-	-	-	S-nutrition-abbrev	r1-supp	held
Carbs 12g	unsupported	-	-	-	-	-	-	S-nutrition-abbrev	r1-supp	held
Cal 210	unsupported	-	-	-	-	-	-	S-nutrition-abbrev	r1-supp	held
Calories 210 kcal	unsupported	-	-	-	-	-	-	S-nutrition-abbrev	r1-supp	held
Fiber: 3g	unsupported	-	-	-	-	-	-	S-nutrition-abbrev	r1-supp	held
Sugar alcohols 4 g	unsupported	-	-	-	-	-	-	S-nutrition-abbrev	r1-supp	seen
Sodium: 410mg (18%)	unsupported	-	-	-	-	-	-	S-nutrition-abbrev	r1-supp	held
2 1/2 cups low-fat plain yogurt	ready	low-fat plain yogurt	5/2	cup	-	-	-	F-plain	r2-fresh	held
1 1/2 teaspoons ground ginger	ready	ground ginger	3/2	tsp	-	-	-	F-plain	r2-fresh	held
3/4 teaspoon garlic salt	ready	garlic salt	3/4	tsp	-	-	-	F-plain	r2-fresh	held
1 teaspoon dried thyme leaves	ready	dried thyme leaves	1	tsp	-	-	-	F-plain	r2-fresh	held
2 tablespoons light corn syrup	ready	light corn syrup	2	tbsp	-	-	-	F-plain	r2-fresh	held
1/2 cup creamy peanut butter	ready	creamy peanut butter	1/2	cup	-	-	-	F-plain	r2-fresh	held
6 tablespoons cold butter, cut into cubes	ready	cold butter|butter	6	tbsp	-	-	-	F-plain	r2-fresh	held
1 cup lukewarm water	ready	lukewarm water|water	1	cup	-	-	-	F-plain	r2-fresh	held
2 1/4 teaspoons instant yeast	ready	instant yeast	9/4	tsp	-	-	-	F-plain	r2-fresh	held
4 cups bread flour, plus more as needed	ready	bread flour	4	cup	-	-	-	F-plain	r2-fresh	held
1 tablespoon granulated garlic	ready	granulated garlic	1	tbsp	-	-	-	F-plain	r2-fresh	held
2 pounds bone-in chicken thighs	ready	bone-in chicken thighs	2	lb	-	-	-	F-plain	r2-fresh	held
1 1/2 cups cooked brown rice	ready	brown rice	3/2	cup	-	-	-	F-plain	r2-fresh	held
1 (15-ounce) can great northern beans, drained	ready	great northern beans	1	can	15 oz	-	-	F-plain	r2-fresh	held
1/4 cup avocado oil	ready	avocado oil	1/4	cup	-	-	-	F-plain	r2-fresh	held
3 tablespoons freshly squeezed orange juice	ready	freshly squeezed orange juice|orange juice	3	tbsp	-	-	-	F-plain	r2-fresh	held
1 teaspoon Morton kosher salt	ready	Morton kosher salt|kosher salt	1	tsp	-	-	-	F-plain	r2-fresh	held
1/4 teaspoon white pepper	ready	white pepper	1/4	tsp	-	-	-	F-plain	r2-fresh	held
8 slices center-cut bacon	ready	center-cut bacon	8	slice	-	-	-	F-plain	r2-fresh	held
2 cups frozen cauliflower rice	ready	frozen cauliflower rice	2	cup	-	-	-	F-plain	r2-fresh	held
3 ripe bananas, mashed	ready	ripe bananas|bananas	3	each	-	-	-	F-plain	r2-fresh	held
1 seedless cucumber, diced	ready	seedless cucumber	1	each	-	-	-	F-plain	r2-fresh	held
10 ounces button mushrooms, sliced	ready	button mushrooms	10	oz	-	-	-	F-plain	r2-fresh	held
1 bunch Swiss chard, chopped	ready	Swiss chard	1	bunch	-	-	-	F-plain	r2-fresh	held
4 green onions, white and light green parts only	ready	green onions	4	each	-	-	-	F-plain	r2-fresh	held
1 tablespoon chili oil	ready	chili oil	1	tbsp	-	-	-	F-plain	r2-fresh	held
1 teaspoon cream of tartar	ready	cream of tartar	1	tsp	-	-	-	F-plain	r2-fresh	held
2 teaspoons pumpkin pie spice	ready	pumpkin pie spice	2	tsp	-	-	-	F-plain	r2-fresh	held
3/4 cup sour cream, at room temperature	ready	sour cream	3/4	cup	-	-	-	F-plain	r2-fresh	held
1 cup shredded Gruyère	ready	shredded Gruyère	1	cup	-	-	-	F-plain	r2-fresh	held
1/3 cup finely grated Parmigiano-Reggiano	ready	finely grated Parmigiano-Reggiano|grated Parmigiano-Reggiano|Parmigiano-Reggiano	1/3	cup	-	-	-	F-plain	r2-fresh	held
3 tablespoons chopped fresh chives	ready	chopped fresh chives|fresh chives|chives	3	tbsp	-	-	-	F-plain	r2-fresh	held
1 teaspoon ground turmeric	ready	ground turmeric	1	tsp	-	-	-	F-plain	r2-fresh	held
1/2 teaspoon Aleppo pepper	ready	Aleppo pepper	1/2	tsp	-	-	-	F-plain	r2-fresh	held
1 1/4 pounds ground chuck	ready	ground chuck	5/4	lb	-	-	-	F-plain	r2-fresh	held
4 cups mixed salad greens	ready	mixed salad greens	4	cup	-	-	-	F-plain	r2-fresh	held
1 cup Sungold tomatoes, halved	ready	Sungold tomatoes	1	cup	-	-	-	F-plain	r2-fresh	held
2 tablespoons agave syrup	ready	agave syrup	2	tbsp	-	-	-	F-plain	r2-fresh	held
1 teaspoon orange blossom water	ready	orange blossom water	1	tsp	-	-	-	F-plain	r2-fresh	held
3 cups self-rising flour	ready	self-rising flour	3	cup	-	-	-	F-plain	r2-fresh	held
3/4 cup white chocolate chips	ready	white chocolate chips	3/4	cup	-	-	-	F-plain	r2-fresh	held
2 cups quick-cooking oats	ready	quick-cooking oats	2	cup	-	-	-	F-plain	r2-fresh	held
1 (19-ounce) can chickpeas	ready	chickpeas	1	can	19 oz	-	-	F-plain	r2-fresh	held
6 boneless skinless chicken breasts	ready	boneless skinless chicken breasts	6	each	-	-	-	F-plain	r2-fresh	held
1 grapefruit, segmented	ready	grapefruit	1	each	-	-	-	F-plain	r2-fresh	held
2 tablespoons drained capers	ready	drained capers|capers	2	tbsp	-	-	-	F-plain	r2-fresh	held
1/3 cup roughly chopped hazelnuts	ready	roughly chopped hazelnuts|chopped hazelnuts|hazelnuts	1/3	cup	-	-	-	F-plain	r2-fresh	held
2 cups unsweetened soy milk	ready	unsweetened soy milk	2	cup	-	-	-	F-plain	r2-fresh	held
1 tablespoon oyster sauce	ready	oyster sauce	1	tbsp	-	-	-	F-plain	r2-fresh	held
2 teaspoons black vinegar	ready	black vinegar	2	tsp	-	-	-	F-plain	r2-fresh	held
1 (3-inch) cinnamon stick	ready	cinnamon stick	1	each	-	-	D	F-plain	r2-fresh	seen
2 Fresno chiles, thinly sliced	ready	Fresno chiles	2	each	-	-	-	F-plain	r2-fresh	held
1 small white onion, minced	ready	white onion	1	each	-	-	-	F-plain	r2-fresh	held
8 cups low-sodium beef broth	ready	low-sodium beef broth	8	cup	-	-	-	F-plain	r2-fresh	held
3 sprigs fresh oregano	ready	fresh oregano|oregano	3	sprig	-	-	-	F-plain	r2-fresh	held
3/4 cup dry red wine	ready	dry red wine	3/4	cup	-	-	-	F-plain	r2-fresh	held
2 teaspoons potato starch	ready	potato starch	2	tsp	-	-	-	F-plain	r2-fresh	held
1/4 cup boiling water	ready	boiling water|water	1/4	cup	-	-	-	F-plain	r2-fresh	held
1 1/2 cups seasoned breadcrumbs	ready	seasoned breadcrumbs	3/2	cup	-	-	-	F-plain	r2-fresh	held
1/2 cup Miracle Whip	ready	Miracle Whip	1/2	cup	-	-	-	F-plain	r2-fresh	held
2 teaspoons caraway seeds	ready	caraway seeds	2	tsp	-	-	-	F-plain	r2-fresh	held
1 teaspoon dried tarragon	ready	dried tarragon	1	tsp	-	-	-	F-plain	r2-fresh	held
2 cups packed baby kale	ready	packed baby kale|baby kale	2	cup	-	-	-	F-plain	r2-fresh	held
1 large russet potato, peeled	ready	russet potato	1	each	-	-	-	F-plain	r2-fresh	held
1 pound dried linguine	ready	dried linguine	1	lb	-	-	-	F-plain	r2-fresh	held
2 cups ice cubes	ready	ice cubes	2	cup	-	-	-	F-plain	r2-fresh	held
1 cup part-skim ricotta	ready	part-skim ricotta	1	cup	-	-	-	F-plain	r2-fresh	held
1/4 cup mascarpone, softened	ready	mascarpone	1/4	cup	-	-	-	F-plain	r2-fresh	held
2 tablespoons blackstrap molasses	ready	blackstrap molasses	2	tbsp	-	-	-	F-plain	r2-fresh	held
1/2 teaspoon onion salt	ready	onion salt	1/2	tsp	-	-	-	F-plain	r2-fresh	held
1/2 cup loosely packed flat-leaf parsley	ready	loosely packed flat-leaf parsley|flat-leaf parsley	1/2	cup	-	-	-	F-plain	r2-fresh	held
4 Persian cucumbers	ready	Persian cucumbers	4	each	-	-	-	F-plain	r2-fresh	held
6 corn tostadas	ready	corn tostadas	6	each	-	-	-	F-plain	r2-fresh	held
3 pounds baby potatoes	ready	baby potatoes	3	lb	-	-	-	F-plain	r2-fresh	held
2 cups frozen pearl onions	ready	frozen pearl onions	2	cup	-	-	-	F-plain	r2-fresh	held
1/2 cup golden flaxseed meal	ready	golden flaxseed meal	1/2	cup	-	-	-	F-plain	r2-fresh	held
1 tablespoon hoisin sauce	ready	hoisin sauce	1	tbsp	-	-	-	F-plain	r2-fresh	held
3 cups cooked shredded pork	ready	shredded pork|pork	3	cup	-	-	-	F-plain	r2-fresh	held
4 large egg yolks, beaten	ready	egg yolks	4	each	-	-	-	F-plain	r2-fresh	held
2 cups sifted cake flour	ready	sifted cake flour|cake flour	2	cup	-	-	-	F-plain	r2-fresh	held
1 cup Kalamata olives, halved	ready	Kalamata olives	1	cup	-	-	-	F-plain	r2-fresh	held
1/2 teaspoon ground mace	ready	ground mace	1/2	tsp	-	-	-	F-plain	r2-fresh	held
1 tablespoon smoked sea salt	ready	smoked sea salt	1	tbsp	-	-	-	F-plain	r2-fresh	held
1/4 cup tamari	ready	tamari	1/4	cup	-	-	-	F-plain	r2-fresh	held
1/2 cup tomato passata	ready	tomato passata	1/2	cup	-	-	-	F-plain	r2-fresh	held
1 1/2 pounds skirt steak	ready	skirt steak	3/2	lb	-	-	-	F-plain	r2-fresh	held
4 cups chopped romaine	ready	chopped romaine|romaine	4	cup	-	-	-	F-plain	r2-fresh	held
1/2 cup thinly sliced radishes	ready	thinly sliced radishes|sliced radishes|radishes	1/2	cup	-	-	-	F-plain	r2-fresh	held
4 ounces aged cheddar, grated	ready	aged cheddar	4	oz	-	-	-	F-plain	r2-fresh	held
1 cup feta, crumbled	ready	feta	1	cup	-	-	-	F-plain	r2-fresh	held
6 plum tomatoes, seeded and diced	ready	plum tomatoes	6	each	-	-	-	F-plain	r2-fresh	held
2 teaspoons celery salt	ready	celery salt	2	tsp	-	-	-	F-plain	r2-fresh	held
1/2 cup dry-roasted peanuts	ready	dry-roasted peanuts	1/2	cup	-	-	-	F-plain	r2-fresh	held
1 quart fresh strawberries, hulled	ready	fresh strawberries|strawberries	1	quart	-	-	-	F-plain	r2-fresh	held
300 g plain flour	ready	plain flour	300	g	-	-	-	F-plain	r2-fresh	held
1.5 kg lamb shoulder	ready	lamb shoulder	3/2	kg	-	-	-	F-plain	r2-fresh	held
400 ml coconut cream	ready	coconut cream	400	ml	-	-	-	F-plain	r2-fresh	held
1.25 l chicken stock	ready	chicken stock	5/4	l	-	-	-	F-plain	r2-fresh	held
80 g light muscovado sugar	ready	light muscovado sugar	80	g	-	-	-	F-plain	r2-fresh	held
2 tbsp miso paste	ready	miso paste	2	tbsp	-	-	-	F-plain	r2-fresh	held
1 tsp garam masala	ready	garam masala	1	tsp	-	-	-	F-plain	r2-fresh	held
4 pieces stem ginger, finely chopped	ready	stem ginger	4	piece	-	-	-	F-plain	r2-fresh	held
1 head napa cabbage	ready	napa cabbage	1	head	-	-	-	F-plain	r2-fresh	held
3 ears corn, kernels cut off	ready	corn	3	ear	-	-	-	F-plain	r2-fresh	held
2 stalks celery, thinly sliced	ready	celery	2	stalk	-	-	-	F-plain	r2-fresh	held
Shaved Parmesan, for serving	ready	shaved Parmesan|Parmesan	-	-	-	-	-	F-plain	r2-fresh	held
Chopped peanuts, for garnish	ready	chopped peanuts|peanuts	-	-	-	-	-	F-plain	r2-fresh	held
Hot cooked rice, to serve	ready	hot cooked rice|rice|cooked rice	-	-	-	-	D	F-plain	r2-fresh	seen
Melted butter, for brushing	ready	melted butter|butter	-	-	-	-	-	F-plain	r2-fresh	held
Sesame oil, to drizzle	ready	sesame oil	-	-	-	-	-	F-plain	r2-fresh	held
Ground cinnamon, for dusting	ready	ground cinnamon	-	-	-	-	-	F-plain	r2-fresh	held
Kosher salt and freshly ground black pepper, to taste	ready	kosher salt and freshly ground black pepper	-	-	-	-	D	F-plain	r2-fresh	held
Fresh mint leaves	needs_review	fresh mint leaves|mint leaves	-	-	-	-	-	F-plain	r2-fresh	held
1/2 cup warm milk (about 110°F)	ready	warm milk|milk	1/2	cup	-	-	-	F-plain	r2-fresh	held
1 cup heavy cream, cold	ready	heavy cream	1	cup	-	-	-	F-plain	r2-fresh	held
1 1/2 cups chicken broth, divided	ready	chicken broth	3/2	cup	-	-	-	F-plain	r2-fresh	held
1 tablespoon olive oil, plus more for drizzling	ready	olive oil	1	tbsp	-	-	-	F-plain	r2-fresh	held
2 cups shredded carrots (about 3 carrots)	ready	shredded carrots|carrots	2	cup	-	-	-	F-plain	r2-fresh	held
1 cup frozen mango chunks	ready	frozen mango chunks	1	cup	-	-	-	F-plain	r2-fresh	held
2 tablespoons cornmeal	ready	cornmeal	2	tbsp	-	-	-	F-plain	r2-fresh	held
1/2 cup ketchup	ready	ketchup	1/2	cup	-	-	-	F-plain	r2-fresh	held
1/4 cup Worcestershire sauce	ready	Worcestershire sauce	1/4	cup	-	-	-	F-plain	r2-fresh	held
1 teaspoon liquid smoke	ready	liquid smoke	1	tsp	-	-	-	F-plain	r2-fresh	held
2 cups shredded green cabbage	ready	shredded green cabbage|green cabbage	2	cup	-	-	-	F-plain	r2-fresh	held
1 lb lump crabmeat, picked over	ready	lump crabmeat	1	lb	-	-	-	F-plain	r2-fresh	held
2 tbsp nutritional yeast	ready	nutritional yeast	2	tbsp	-	-	-	F-plain	r2-fresh	held
1 cup quick grits	ready	quick grits	1	cup	-	-	-	F-plain	r2-fresh	held
2 tubes (8 oz each) crescent roll dough	ready	crescent roll dough	2	tube	8 oz	-	-	F-plain	r2-fresh	held
1 bag (10 oz) frozen raspberries	ready	frozen raspberries	1	bag	10 oz	-	-	F-plain	r2-fresh	held
1 splatter guard	unsupported	-	-	-	-	-	-	F-equip	r2-fresh	seen
1 dough hook	unsupported	-	-	-	-	-	-	F-equip	r2-fresh	seen
1 pastry blender	unsupported	-	-	-	-	-	-	F-equip	r2-fresh	held
1 flour sack towel	unsupported	-	-	-	-	-	-	F-equip	r2-fresh	held
1 popover tin	unsupported	-	-	-	-	-	-	F-equip	r2-fresh	seen
1 madeleine pan	unsupported	-	-	-	-	-	-	F-equip	r2-fresh	held
1 food mill	unsupported	-	-	-	-	-	-	F-equip	r2-fresh	held
1 lemon squeezer	unsupported	-	-	-	-	-	-	F-equip	r2-fresh	held
1 apple corer	unsupported	-	-	-	-	-	-	F-equip	r2-fresh	held
1 melon baller	unsupported	-	-	-	-	-	-	F-equip	r2-fresh	held
1 pizza wheel	unsupported	-	-	-	-	-	-	F-equip	r2-fresh	seen
1 cooling grid	unsupported	-	-	-	-	-	-	F-equip	r2-fresh	seen
1 slotted spoon	unsupported	-	-	-	-	-	-	F-equip	r2-fresh	held
1 fish spatula	unsupported	-	-	-	-	-	-	F-equip	r2-fresh	held
1 tortilla press	unsupported	-	-	-	-	-	-	F-equip	r2-fresh	held
1 rice cooker	unsupported	-	-	-	-	-	-	F-equip	r2-fresh	held
1 double boiler	unsupported	-	-	-	-	-	-	F-equip	r2-fresh	seen
1 bain-marie	unsupported	-	-	-	-	-	-	F-equip	r2-fresh	seen
1 comal	unsupported	-	-	-	-	-	-	F-equip	r2-fresh	seen
1 molcajete	unsupported	-	-	-	-	-	-	F-equip	r2-fresh	seen
1 chinois	unsupported	-	-	-	-	-	-	F-equip	r2-fresh	seen
1 proofing basket	unsupported	-	-	-	-	-	-	F-equip	r2-fresh	seen
1 banneton	unsupported	-	-	-	-	-	-	F-equip	r2-fresh	seen
1 cake dome	unsupported	-	-	-	-	-	-	F-equip	r2-fresh	seen
1 bag pie weights	unsupported	-	-	-	-	-	-	F-equip	r2-fresh	seen
1 box cling film	unsupported	-	-	-	-	-	-	F-equip	r2-fresh	seen
1 decorating comb	unsupported	-	-	-	-	-	-	F-equip	r2-fresh	seen
1 cake leveler	unsupported	-	-	-	-	-	-	F-equip	r2-fresh	seen
1 turntable	unsupported	-	-	-	-	-	-	F-equip	r2-fresh	seen
6 cocktail umbrellas	unsupported	-	-	-	-	-	-	F-equip	r2-fresh	seen
12 paper straws	unsupported	-	-	-	-	-	-	F-equip	r2-fresh	seen
1 nut milk bag	unsupported	-	-	-	-	-	-	F-equip	r2-fresh	seen
1 muslin cloth	unsupported	-	-	-	-	-	-	F-equip	r2-fresh	seen
1 apron	unsupported	-	-	-	-	-	-	F-equip	r2-fresh	seen
1 popcorn popper	unsupported	-	-	-	-	-	-	F-equip	r2-fresh	seen
1 corkscrew	unsupported	-	-	-	-	-	-	F-equip	r2-fresh	seen
1 dough docker	unsupported	-	-	-	-	-	-	F-equip	r2-fresh	seen
1 fondue set	unsupported	-	-	-	-	-	-	F-equip	r2-fresh	seen
1 pastry wheel	unsupported	-	-	-	-	-	-	F-equip	r2-fresh	seen
1 herb stripper	unsupported	-	-	-	-	-	-	F-equip	r2-fresh	held
1 citrus press	unsupported	-	-	-	-	-	-	F-equip	r2-fresh	held
2 pie plates	unsupported	-	-	-	-	-	-	F-equip	r2-fresh	held
1 enamel roasting pan	unsupported	-	-	-	-	-	-	F-equip	r2-fresh	held
1 stovetop smoker	unsupported	-	-	-	-	-	-	F-equip	r2-fresh	held
1 pair kitchen shears	unsupported	-	-	-	-	-	-	F-equip	r2-fresh	held
1 large cutting board	unsupported	-	-	-	-	-	-	F-equip	r2-fresh	held
1 12-inch nonstick frying pan	unsupported	-	-	-	-	-	-	F-equip	r2-fresh	held
1 6-quart Instant Pot	unsupported	-	-	-	-	-	-	F-equip	r2-fresh	held
1 3-quart saucier	unsupported	-	-	-	-	-	-	F-equip	r2-fresh	seen
1 sheet of baking parchment	unsupported	-	-	-	-	-	-	F-equip	r2-fresh	held
2 lengths of butcher's twine	unsupported	-	-	-	-	-	-	F-equip	r2-fresh	held
1 small offset spatula	unsupported	-	-	-	-	-	-	F-equip	r2-fresh	held
1 spider strainer	unsupported	-	-	-	-	-	-	F-equip	r2-fresh	held
1 oil mister	unsupported	-	-	-	-	-	-	F-equip	r2-fresh	seen
4 jam jars with lids	unsupported	-	-	-	-	-	-	F-equip	r2-fresh	held
1 deep-fat thermometer	unsupported	-	-	-	-	-	-	F-equip	r2-fresh	held
1 trivet	unsupported	-	-	-	-	-	-	F-equip	r2-fresh	held
1 bread lame	unsupported	-	-	-	-	-	-	F-equip	r2-fresh	seen
1 lb steamers, scrubbed	ready	steamers	1	lb	-	-	D	F-equipfood	r2-fresh	held
2 cups Bloody Mary mixer	ready	Bloody Mary mixer	2	cup	-	-	-	F-equipfood	r2-fresh	held
4 bread bowls	ready	bread bowls	4	each	-	-	-	F-equipfood	r2-fresh	seen
4 tortilla bowls	ready	tortilla bowls	4	each	-	-	-	F-equipfood	r2-fresh	seen
12 wonton cups	ready	wonton cups	12	each	-	-	-	F-equipfood	r2-fresh	seen
1 chicken pot pie	ready	chicken pot pie	1	each	-	-	-	F-equipfood	r2-fresh	seen
2 funnel cakes	ready	funnel cakes	2	each	-	-	-	F-equipfood	r2-fresh	held
1 bag kettle corn	ready	kettle corn	1	bag	-	-	-	F-equipfood	r2-fresh	held
1 jar freezer jam	ready	freezer jam	1	jar	-	-	-	F-equipfood	r2-fresh	held
2 cups stone fruit, sliced	ready	stone fruit	2	cup	-	-	-	F-equipfood	r2-fresh	held
4 hand pies	ready	hand pies	4	each	-	-	-	F-equipfood	r2-fresh	held
6 lettuce cups	ready	lettuce cups	6	each	-	-	-	F-equipfood	r2-fresh	seen
1 box ice cream cones	ready	ice cream cones	1	box	-	-	-	F-equipfood	r2-fresh	held
1 bag pretzel rods	ready	pretzel rods	1	bag	-	-	-	F-equipfood	r2-fresh	held
1 package toaster pastries	ready	toaster pastries	1	package	-	-	-	F-equipfood	r2-fresh	held
8 phyllo cups	ready	phyllo cups	8	each	-	-	-	F-equipfood	r2-fresh	seen
1 lb pan-fried noodles	ready	pan-fried noodles	1	lb	-	-	-	F-equipfood	r2-fresh	held
2 cups oyster crackers	ready	oyster crackers	2	cup	-	-	-	F-equipfood	r2-fresh	held
1 bag cotton candy	ready	cotton candy	1	bag	-	-	-	F-equipfood	r2-fresh	held
1 swirl heavy cream	needs_review	-	-	-	-	-	S	F-unknown	r2-fresh	seen
2 squirts lemon juice	needs_review	-	-	-	-	-	S	F-unknown	r2-fresh	seen
1 tot dark rum	needs_review	-	-	-	-	-	S	F-unknown	r2-fresh	seen
1 bundle asparagus	needs_review	-	-	-	-	-	S	F-unknown	r2-fresh	seen
1 hand bananas	needs_review	-	-	-	-	-	S	F-unknown	r2-fresh	seen
1 ladleful hot stock	needs_review	-	-	-	-	-	S	F-unknown	r2-fresh	held
1 jugful cold water	needs_review	-	-	-	-	-	S	F-unknown	r2-fresh	held
1 twig rosemary	needs_review	-	-	-	-	-	S	F-unknown	r2-fresh	seen
1 nip whisky	needs_review	-	-	-	-	-	S	F-unknown	r2-fresh	seen
1 snifter cognac	needs_review	-	-	-	-	-	S	F-unknown	r2-fresh	seen
1 flask brandy	needs_review	-	-	-	-	-	S	F-unknown	r2-fresh	seen
1 eggcup rice	needs_review	-	-	-	-	-	S	F-unknown	r2-fresh	seen
1 thimbleful gin	needs_review	-	-	-	-	-	S	F-unknown	r2-fresh	held
2 tumblerfuls water	needs_review	-	-	-	-	-	S	F-unknown	r2-fresh	held
1 coffee mug oats	needs_review	-	-	-	-	-	S	F-unknown	r2-fresh	held
1 cake fresh yeast	needs_review	-	-	-	-	-	S	F-unknown	r2-fresh	seen
1 shake paprika	needs_review	-	-	-	-	-	S	F-unknown	r2-fresh	seen
1 smear Marmite	needs_review	-	-	-	-	-	S	F-unknown	r2-fresh	seen
1 knuckle ginger	needs_review	-	-	-	-	-	S	F-unknown	r2-fresh	seen
2 clusters grapes	needs_review	-	-	-	-	-	S	F-unknown	r2-fresh	seen
1 tub-load ice	needs_review	-	-	-	-	-	S	F-unknown	r2-fresh	seen
3 metric tablespoons oil	needs_review	-	-	-	-	-	S	F-unknown	r2-fresh	held
2 US tablespoons honey (UK)	needs_review	-	-	-	-	-	S	F-unknown	r2-fresh	held
1 large spoon of yogurt	needs_review	-	-	-	-	-	S	F-unknown	r2-fresh	held
1 cereal bowl oats	needs_review	-	-	-	-	-	S	F-unknown	r2-fresh	held
1 mugful milk	needs_review	-	-	-	-	-	S	F-unknown	r2-fresh	held
1 quarter-pint cream	ready	cream	1/4	pint	-	-	-	F-unknown	r2-fresh	held
1 sprinkling sugar	needs_review	-	-	-	-	-	SD	F-unknown	r2-fresh	seen
1 leg of lamb (about 5 lb)	ready	leg of lamb	1	each	-	-	-	F-measurefood	r2-fresh	seen
1 rack of lamb, frenched	ready	rack of lamb	1	each	-	-	-	F-measurefood	r2-fresh	seen
2 racks of lamb	ready	racks of lamb	2	each	-	-	-	F-measurefood	r2-fresh	seen
6 finger sandwiches	ready	finger sandwiches	6	each	-	-	-	F-measurefood	r2-fresh	seen
12 ladyfingers	ready	ladyfingers	12	each	-	-	-	F-measurefood	r2-fresh	held
4 chicken legs	ready	chicken legs	4	each	-	-	-	F-measurefood	r2-fresh	held
2 duck legs	ready	duck legs	2	each	-	-	-	F-measurefood	r2-fresh	held
6 sweet rolls	ready	sweet rolls	6	each	-	-	-	F-measurefood	r2-fresh	held
1 log goat cheese	needs_review	-	-	-	-	-	S	F-measurefood	r2-fresh	held
1 wheel Camembert	needs_review	-	-	-	-	-	S	F-measurefood	r2-fresh	held
2 rolls, split	ready	rolls	2	each	-	-	-	F-measurefood	r2-fresh	seen
4 crusty rolls	ready	crusty rolls	4	each	-	-	-	F-measurefood	r2-fresh	held
1 lb seer fish steaks	ready	seer fish steaks	1	lb	-	-	-	F-measurefood	r2-fresh	held
2 fish fingers	ready	fish fingers	2	each	-	-	-	F-measurefood	r2-fresh	held
3 stone crab claws	ready	stone crab claws	3	each	-	-	-	F-measurefood	r2-fresh	seen
1 jar bouillon base	ready	bouillon base	1	jar	-	-	-	F-measurefood	r2-fresh	held
1/2 cup orange juice (from 2 navel oranges)	needs_review	orange juice	1/2	cup	-	-	-	F-remark	r2-fresh	held
1 tbsp grated lemon zest (1 large lemon)	needs_review	grated lemon zest|lemon zest	1	tbsp	-	-	-	F-remark	r2-fresh	held
1/4 cup lime juice (about 3 limes)	needs_review	lime juice	1/4	cup	-	-	-	F-remark	r2-fresh	held
2 tbsp grapefruit juice (1/2 grapefruit)	needs_review	grapefruit juice	2	tbsp	-	-	-	F-remark	r2-fresh	held
1 cup pomegranate seeds (from 1 pomegranate)	needs_review	pomegranate seeds	1	cup	-	-	-	F-remark	r2-fresh	held
1 tsp orange peel (1 orange)	needs_review	orange peel	1	tsp	-	-	-	F-remark	r2-fresh	held
1/3 cup passion fruit pulp (from 4 passion fruit)	needs_review	passion fruit pulp	1/3	cup	-	-	-	F-remark	r2-fresh	held
2 tbsp lemon juice (1/2 lemon)	needs_review	lemon juice	2	tbsp	-	-	-	F-remark	r2-fresh	held
1 cup coconut water (from 1 young coconut)	needs_review	coconut water	1	cup	-	-	D	F-remark	r2-fresh	held
2 cups fresh tomato juice (from 3 lb tomatoes)	needs_review	fresh tomato juice|tomato juice	2	cup	-	-	-	F-remark	r2-fresh	held
1/2 cup lemon juice (4-5 lemons)	needs_review	lemon juice	1/2	cup	-	-	-	F-remark	r2-fresh	held
3 tbsp ginger juice (from a 3-inch piece)	needs_review	ginger juice	3	tbsp	-	-	-	F-remark	r2-fresh	held
2 tsp lime zest (2 limes), plus wedges to serve	needs_review	lime zest	2	tsp	-	-	-	F-remark	r2-fresh	held
2 cups sliced mushrooms (8 oz)	ready	sliced mushrooms|mushrooms	2	cup	-	-	-	F-remark	r2-fresh	held
1 cup diced red bell pepper (1 large)	ready	diced red bell pepper|red bell pepper	1	cup	-	-	-	F-remark	r2-fresh	held
3 cups shredded cabbage (1/2 small head)	ready	shredded cabbage|cabbage	3	cup	-	-	-	F-remark	r2-fresh	held
2 cups mashed sweet potato (2 medium)	ready	mashed sweet potato|sweet potato	2	cup	-	-	-	F-remark	r2-fresh	held
1 cup sliced strawberries (6 oz)	ready	sliced strawberries|strawberries	1	cup	-	-	-	F-remark	r2-fresh	held
1 1/2 cups chopped celery (3 ribs)	ready	chopped celery|celery	3/2	cup	-	-	-	F-remark	r2-fresh	held
1/4 cup minced shallot (1 large)	ready	minced shallot|shallot	1/4	cup	-	-	-	F-remark	r2-fresh	held
2 cups cubed butternut squash (from 1 small squash)	ready	cubed butternut squash|butternut squash	2	cup	-	-	-	F-remark	r2-fresh	held
3 cups chopped broccoli (1 large head)	ready	chopped broccoli|broccoli	3	cup	-	-	-	F-remark	r2-fresh	held
2 medium zucchini (about 1 lb)	ready	zucchini	2	each	-	-	-	F-remark	r2-fresh	held
1 cup diced pineapple (about 1/4 pineapple)	ready	diced pineapple|pineapple	1	cup	-	-	-	F-remark	r2-fresh	held
4 cups cubed bread (about 1/2 loaf)	ready	cubed bread|bread	4	cup	-	-	D	F-remark	r2-fresh	held
1 cup chopped cilantro (1 bunch)	ready	chopped cilantro|cilantro	1	cup	-	-	-	F-remark	r2-fresh	held
2 cups cooked chickpeas (3/4 cup dried)	needs_review	chickpeas	2	cup	-	-	-	F-remark	r2-fresh	held
1 cup rehydrated porcini (1 oz dried)	needs_review	rehydrated porcini|porcini	1	cup	-	-	-	F-remark	r2-fresh	held
3 cups cooked farro (1 cup uncooked)	needs_review	farro	3	cup	-	-	-	F-remark	r2-fresh	held
1/2 cup soaked cashews (1/3 cup raw)	needs_review	soaked cashews|cashews	1/2	cup	-	-	-	F-remark	r2-fresh	held
2 cups cooked lentils (from 3/4 cup dry)	needs_review	lentils	2	cup	-	-	-	F-remark	r2-fresh	held
1/2 cup buttermilk (or 1/2 cup milk plus 1/2 tbsp vinegar)	needs_review	-	-	-	-	-	S	F-remark	r2-fresh	held
1 cup cooked quinoa (about 1/3 cup dry)	needs_review	quinoa	1	cup	-	-	-	F-remark	r2-fresh	held
1 can tomatoes (14.5 oz, undrained)	ready	tomatoes	1	can	14.5 oz	-	-	F-remark	r2-fresh	seen
4 chicken thighs (about 1 1/2 lb, skin on)	ready	chicken thighs	4	each	-	-	-	F-remark	r2-fresh	held
1 lb large shrimp (21-25 count)	ready	shrimp	1	lb	-	-	-	F-remark	r2-fresh	seen
2 cups chopped kale (1 small bunch, stems removed)	ready	chopped kale|kale	2	cup	-	-	-	F-remark	r2-fresh	held
1 lb potatoes (about 3 large, Yukon Gold preferred)	ready	potatoes	1	lb	-	-	-	F-remark	r2-fresh	held
3 cups flour (about 13 1/2 oz, spooned and leveled)	ready	flour	3	cup	-	-	-	F-remark	r2-fresh	held
2 cups grated Parmesan (about a 6 oz chunk)	ready	grated Parmesan|Parmesan	2	cup	-	-	D	F-remark	r2-fresh	held
1 lb mussels (about 25), scrubbed	ready	mussels	1	lb	-	-	-	F-remark	r2-fresh	held
1 baguette (about 10 oz), cubed	ready	baguette	1	each	-	-	-	F-remark	r2-fresh	held
1 cup basmati rice (about 7 oz uncooked)	ready	basmati rice	1	cup	-	-	D	F-remark	r2-fresh	held
1 lb dried black beans (about 2 1/2 cups)	ready	dried black beans	1	lb	-	-	-	F-remark	r2-fresh	held
1 cup carrots and celery	needs_review	-	-	-	-	-	S	F-and	r2-fresh	held
1/2 cup cranberries and pecans	needs_review	-	-	-	-	-	S	F-and	r2-fresh	held
2 cups zucchini and yellow squash	needs_review	-	-	-	-	-	S	F-and	r2-fresh	held
1 lb chicken and sausage	needs_review	-	-	-	-	-	S	F-and	r2-fresh	held
4 cups kale and chard	needs_review	-	-	-	-	-	S	F-and	r2-fresh	held
1 cup apples and pears, diced	needs_review	-	-	-	-	-	S	F-and	r2-fresh	held
2 tbsp salt and sugar	needs_review	-	-	-	-	-	S	F-and	r2-fresh	held
1 cup mayonnaise and mustard	needs_review	-	-	-	-	-	S	F-and	r2-fresh	held
1/2 cup raisins and dates	needs_review	-	-	-	-	-	S	F-and	r2-fresh	held
3 cups cabbage and carrots	needs_review	-	-	-	-	-	S	F-and	r2-fresh	held
1 cup chopped tomatoes and cucumbers	needs_review	-	-	-	-	-	S	F-and	r2-fresh	held
1 lb clams and mussels	needs_review	-	-	-	-	-	S	F-and	r2-fresh	held
1/4 cup parsley and basil	needs_review	-	-	-	-	-	S	F-and	r2-fresh	held
2 cups rice and quinoa	needs_review	-	-	-	-	-	S	F-and	r2-fresh	held
1 tsp cumin and paprika	needs_review	-	-	-	-	-	S	F-and	r2-fresh	held
2 tbsp honey and soy sauce	needs_review	-	-	-	-	-	SD	F-and	r2-fresh	seen
2 tbsp lemon and lime juice	ready	lemon and lime juice	2	tbsp	-	-	-	F-and	r2-fresh	seen
1 cup red and green grapes	ready	red and green grapes	1	cup	-	-	-	F-and	r2-fresh	held
2 tbsp black and white sesame seeds	ready	black and white sesame seeds	2	tbsp	-	-	-	F-and	r2-fresh	held
4 sweet and hot peppers	ready	sweet and hot peppers	4	each	-	-	-	F-and	r2-fresh	held
1 tsp garlic and onion powder	ready	garlic and onion powder	1	tsp	-	-	D	F-and	r2-fresh	held
1 jar black bean and corn salsa	ready	black bean and corn salsa	1	jar	-	-	-	F-and	r2-fresh	seen
1 can cream of chicken and mushroom soup	ready	cream of chicken and mushroom soup	1	can	-	-	-	F-and	r2-fresh	held
1 bottle honey and mustard dressing	ready	honey and mustard dressing	1	bottle	-	-	-	F-and	r2-fresh	held
1 tub garlic and herb cheese spread	ready	garlic and herb cheese spread	1	container	-	-	-	F-and	r2-fresh	held
1 pack bacon and cheese pierogies	ready	bacon and cheese pierogies	1	package	-	-	-	F-and	r2-fresh	seen
1 lb spinach and feta sausages	ready	spinach and feta sausages	1	lb	-	-	-	F-and	r2-fresh	held
1 jar tomato and basil pasta sauce	ready	tomato and basil pasta sauce	1	jar	-	-	-	F-and	r2-fresh	held
1 bag apple and cinnamon oatmeal	ready	apple and cinnamon oatmeal	1	bag	-	-	-	F-and	r2-fresh	seen
1 jar garlic and herb cream cheese	ready	garlic and herb cream cheese	1	jar	-	-	-	F-and	r2-fresh	seen
1 can diced tomatoes and green chiles	ready	diced tomatoes and green chiles	1	can	-	-	D	F-and	r2-fresh	held
1 cup cookies and cream ice cream	ready	cookies and cream ice cream	1	cup	-	-	-	F-and	r2-fresh	held
2 cups bread and butter pickle chips	ready	bread and butter pickle chips	2	cup	-	-	-	F-and	r2-fresh	held
1 box chicken and wild rice soup mix	ready	chicken and wild rice soup mix	1	box	-	-	-	F-and	r2-fresh	held
1 bag fruit and nut trail mix	ready	fruit and nut trail mix	1	bag	-	-	-	F-and	r2-fresh	held
1 cup sweet and sour chicken	ready	sweet and sour chicken	1	cup	-	-	-	F-and	r2-fresh	held
2 cups mac and cheese	ready	mac and cheese	2	cup	-	-	-	F-and	r2-fresh	held
1/2 cup half-and-half cream	ready	half-and-half cream	1/2	cup	-	-	-	F-and	r2-fresh	held
3 red and orange bell peppers	ready	red and orange bell peppers	3	each	-	-	-	F-and	r2-fresh	held
1 lb fish and chips batter mix	ready	fish and chips batter mix	1	lb	-	-	D	F-and	r2-fresh	held
1 tbsp date or maple syrup	needs_review	-	1	tbsp	-	date syrup;maple syrup	-	F-choice	r2-fresh	seen
1 cup chocolate or butterscotch chips	needs_review	-	1	cup	-	chocolate chips;butterscotch chips	-	F-choice	r2-fresh	seen
2 cups acorn or butternut squash, cubed	needs_review	-	2	cup	-	acorn squash;butternut squash	-	F-choice	r2-fresh	held
1 tbsp clover or wildflower honey	needs_review	-	1	tbsp	-	clover honey;wildflower honey	-	F-choice	r2-fresh	seen
2 chamomile or mint tea bags	needs_review	-	2	each	-	chamomile tea bags;mint tea bags	-	F-choice	r2-fresh	seen
1 lb Black Forest or honey ham	needs_review	-	1	lb	-	Black Forest ham;honey ham	-	F-choice	r2-fresh	seen
8 slices turkey or pork bacon	needs_review	-	8	slice	-	turkey bacon;pork bacon	-	F-choice	r2-fresh	seen
1/2 cup rice or plum wine	needs_review	-	1/2	cup	-	rice wine;plum wine	-	F-choice	r2-fresh	seen
1 cup cookie or graham cracker crumbs	needs_review	-	1	cup	-	cookie crumbs;graham cracker crumbs	-	F-choice	r2-fresh	held
1 cup bean or alfalfa sprouts	needs_review	-	1	cup	-	bean sprouts;alfalfa sprouts	-	F-choice	r2-fresh	held
2 cups mustard or turnip greens	needs_review	-	2	cup	-	mustard greens;turnip greens	-	F-choice	r2-fresh	held
1 cup goat or sheep milk yogurt	needs_review	-	1	cup	-	goat milk yogurt;sheep milk yogurt	-	F-choice	r2-fresh	seen
1 tbsp walnut or hazelnut oil	needs_review	-	1	tbsp	-	walnut oil;hazelnut oil	-	F-choice	r2-fresh	held
2 cups pear or apple sauce	needs_review	-	2	cup	-	pear sauce;apple sauce	-	F-choice	r2-fresh	seen
1 lb shiitake or oyster mushrooms	needs_review	-	1	lb	-	shiitake;oyster mushrooms||shiitake mushrooms;oyster mushrooms	-	F-choice	r2-fresh	held
2 tbsp peach or apricot jam	needs_review	-	2	tbsp	-	peach jam;apricot jam	-	F-choice	r2-fresh	held
1 cup raspberry or blackberry preserves	needs_review	-	1	cup	-	raspberry preserves;blackberry preserves	-	F-choice	r2-fresh	held
1 cup pistachio or almond flour	needs_review	-	1	cup	-	pistachio flour;almond flour	-	F-choice	r2-fresh	held
4 brioche or potato buns	needs_review	-	4	each	-	brioche;potato buns||brioche buns;potato buns	-	F-choice	r2-fresh	held
2 tbsp mango or peach chutney	needs_review	-	2	tbsp	-	mango chutney;peach chutney	-	F-choice	r2-fresh	seen
1 cup cherry or grape juice	needs_review	-	1	cup	-	cherry juice;grape juice	-	F-choice	r2-fresh	held
1 lb spinach or egg fettuccine	needs_review	-	1	lb	-	spinach fettuccine;egg fettuccine	-	F-choice	r2-fresh	seen
2 cups vanilla or chocolate pudding	needs_review	-	2	cup	-	vanilla pudding;chocolate pudding	-	F-choice	r2-fresh	seen
1 cup lemon or orange curd	needs_review	-	1	cup	-	lemon curd;orange curd	-	F-choice	r2-fresh	held
1/2 cup strawberry or raspberry jelly	needs_review	-	1/2	cup	-	strawberry jelly;raspberry jelly	-	F-choice	r2-fresh	held
1 tsp lavender or rose water	needs_review	-	1	tsp	-	lavender water;rose water	-	F-choice	r2-fresh	seen
1 lb Mexican or Spanish chorizo	needs_review	-	1	lb	-	Mexican chorizo;Spanish chorizo	-	F-choice	r2-fresh	seen
6 corn or wheat tortillas	needs_review	-	6	each	-	corn tortillas;wheat tortillas	-	F-choice	r2-fresh	held
1 cup shelled edamame or peas	needs_review	-	1	cup	-	shelled edamame;shelled peas||shelled edamame;peas	-	F-choice	r2-fresh	held
2 cups smoked turkey or ham, diced	needs_review	-	2	cup	-	smoked turkey;smoked ham||smoked turkey;ham	-	F-choice	r2-fresh	held
2 tbsp sherry or Marsala	needs_review	-	2	tbsp	-	sherry;Marsala	-	F-choice	r2-fresh	held
1 lb ground pork, veal, or beef	needs_review	-	1	lb	-	ground pork;ground veal;ground beef||ground pork;veal;beef	-	F-choice	r2-fresh	held
1 cup blueberries, blackberries or raspberries	needs_review	-	1	cup	-	blueberries;blackberries;raspberries	-	F-choice	r2-fresh	held
2 tbsp tarragon or chervil, chopped	needs_review	-	2	tbsp	-	tarragon;chervil	-	F-choice	r2-fresh	held
1 cup salsa, mild or hot	needs_review	-	1	cup	-	mild salsa;hot salsa	-	F-choice	r2-fresh	held
1 lb sausage (sweet or hot)	needs_review	-	1	lb	-	sweet sausage;hot sausage	-	F-choice	r2-fresh	held
1 cup oats (rolled or steel-cut)	needs_review	-	1	cup	-	rolled oats;steel-cut oats	-	F-choice	r2-fresh	held
1 cup pasta water or broth	needs_review	-	1	cup	-	pasta water;broth	-	F-choice	r2-fresh	held
2 rib roasts	ready	rib roasts	2	each	-	-	-	F-countword	r2-fresh	held
4 rib chops	ready	rib chops	4	each	-	-	-	F-countword	r2-fresh	held
3 sprig thyme	ready	thyme	3	sprig	-	-	-	F-countword	r2-fresh	held
4 slice bread	ready	bread	4	slice	-	-	-	F-countword	r2-fresh	held
2 bulb fennel	ready	fennel	2	bulb	-	-	-	F-countword	r2-fresh	held
2 strip bacon	ready	bacon	2	strip	-	-	-	F-countword	r2-fresh	held
2 sheet nori	ready	nori	2	sheet	-	-	-	F-countword	r2-fresh	held
3 head garlic	ready	garlic	3	head	-	-	-	F-countword	r2-fresh	held
2 1/2 stick butter	ready	butter	5/2	stick	-	-	-	F-countword	r2-fresh	held
6 drop biscuits	ready	drop biscuits	6	each	-	-	-	F-countword	r2-fresh	seen
12 drop cookies	ready	drop cookies	12	each	-	-	-	F-countword	r2-fresh	seen
4 sprinkle donuts	ready	sprinkle donuts	4	each	-	-	-	F-countword	r2-fresh	seen
2 slab pies	ready	slab pies	2	each	-	-	-	F-countword	r2-fresh	seen
4 pinwheel cookies	ready	pinwheel cookies	4	each	-	-	-	F-countword	r2-fresh	held
4 wedge fries	ready	wedge fries	4	each	-	-	-	F-countword	r2-fresh	held
2 bunch radishes	ready	radishes	2	bunch	-	-	D	F-countword	r2-fresh	seen
1 strip loin steak	ready	strip loin steak	1	each	-	-	D	F-countword	r2-fresh	seen
3 link sausage	ready	sausage	3	link	-	-	-	F-countword	r2-fresh	held
1 head lettuce, leaves separated	ready	lettuce	1	head	-	-	-	F-countword	r2-fresh	held
1 sheet puff pastry, thawed	ready	puff pastry	1	sheet	-	-	-	F-countword	r2-fresh	held
1 small head red cabbage	ready	red cabbage	1	head	-	-	-	F-countword	r2-fresh	held
2 large heads cauliflower	ready	cauliflower	2	head	-	-	-	F-countword	r2-fresh	held
2 pound cakes	ready	pound cakes	2	each	-	-	D	F-countword	r2-fresh	seen
4 cup noodle packs	ready	cup noodle packs	4	each	-	-	D	F-countword	r2-fresh	seen
4 slice-and-bake cookies	ready	slice-and-bake cookies	4	each	-	-	-	F-countword	r2-fresh	held
6 head-on shrimp	ready	head-on shrimp	6	each	-	-	-	F-countword	r2-fresh	held
4 leaf-shaped cookies	ready	leaf-shaped cookies	4	each	-	-	-	F-countword	r2-fresh	held
Clove of garlic, minced	ready	garlic	1	clove	-	-	-	F-nonumber	r2-fresh	held
Sprig of rosemary	ready	rosemary	1	sprig	-	-	-	F-nonumber	r2-fresh	held
Stick of butter, softened	ready	butter	1	stick	-	-	-	F-nonumber	r2-fresh	held
Head of lettuce	ready	lettuce	1	head	-	-	-	F-nonumber	r2-fresh	held
Slice of bread	ready	bread	1	slice	-	-	-	F-nonumber	r2-fresh	held
Can of chickpeas, drained	ready	chickpeas	1	can	-	-	-	F-nonumber	r2-fresh	held
Handful of spinach	ready	spinach	1	handful	-	-	-	F-nonumber	r2-fresh	held
Dash of Worcestershire sauce	ready	Worcestershire sauce	1	dash	-	-	-	F-nonumber	r2-fresh	held
Drop of food coloring	ready	food coloring	1	drop	-	-	-	F-nonumber	r2-fresh	held
Splash of lemon juice	ready	lemon juice	1	splash	-	-	-	F-nonumber	r2-fresh	held
Sprinkle of paprika	ready	paprika	1	sprinkle	-	-	-	F-nonumber	r2-fresh	held
Tablespoon of olive oil	needs_review	olive oil	-	tbsp	-	-	-	F-nonumber	r2-fresh	held
Teaspoon vanilla extract	needs_review	vanilla extract	-	tsp	-	-	-	F-nonumber	r2-fresh	held
Pound of ground beef	needs_review	ground beef	-	lb	-	-	-	F-nonumber	r2-fresh	held
Ounce of gin	needs_review	gin	-	oz	-	-	-	F-nonumber	r2-fresh	held
A clove of garlic	ready	garlic	1	clove	-	-	-	F-nonumber	r2-fresh	held
A cup of milk	ready	milk	1	cup	-	-	-	F-nonumber	r2-fresh	held
Generous pinch of salt	ready	salt	1	pinch	-	-	-	F-nonumber	r2-fresh	held
Small handful of parsley	ready	parsley	1	handful	-	-	-	F-nonumber	r2-fresh	held
Level teaspoon baking soda	needs_review	baking soda	-	tsp	-	-	-	F-nonumber	r2-fresh	held
Scant cup sugar	needs_review	sugar	-	cup	-	-	-	F-nonumber	r2-fresh	seen
Wedge of lemon	ready	lemon	1	wedge	-	-	-	F-nonumber	r2-fresh	held
Ear of corn	ready	corn	1	ear	-	-	-	F-nonumber	r2-fresh	held
Carbohydrate 30 g	unsupported	-	-	-	-	-	-	F-nutrition	r2-fresh	held
Total sugars 12 g	unsupported	-	-	-	-	-	-	F-nutrition	r2-fresh	held
of which saturates 2.1 g	unsupported	-	-	-	-	-	-	F-nutrition	r2-fresh	held
of which sugars 5.2g	unsupported	-	-	-	-	-	-	F-nutrition	r2-fresh	held
Energy 1046 kJ / 250 kcal	unsupported	-	-	-	-	-	-	F-nutrition	r2-fresh	seen
Fat 9.0 g	unsupported	-	-	-	-	-	-	F-nutrition	r2-fresh	held
Fibre 3.1g	unsupported	-	-	-	-	-	-	F-nutrition	r2-fresh	held
Protein 7.3 g	unsupported	-	-	-	-	-	-	F-nutrition	r2-fresh	held
Iron 2 mg (11%)	unsupported	-	-	-	-	-	-	F-nutrition	r2-fresh	held
Vitamin E 2 mg	unsupported	-	-	-	-	-	-	F-nutrition	r2-fresh	held
Kilocalories 210	unsupported	-	-	-	-	-	-	F-nutrition	r2-fresh	seen
Calories from fat 90	unsupported	-	-	-	-	-	-	F-nutrition	r2-fresh	seen
% Daily Value	unsupported	-	-	-	-	-	-	F-nutrition	r2-fresh	seen
Total Fat 8g 10%	unsupported	-	-	-	-	-	-	F-nutrition	r2-fresh	held
Sodium 0.4 g	unsupported	-	-	-	-	-	-	F-nutrition	r2-fresh	held
Potassium 300mg 6%	unsupported	-	-	-	-	-	-	F-nutrition	r2-fresh	held
Cholesterol 0mg 0%	unsupported	-	-	-	-	-	-	F-nutrition	r2-fresh	held
Saturated Fat 1.5g 8%	unsupported	-	-	-	-	-	-	F-nutrition	r2-fresh	held
Includes 10g Added Sugars	unsupported	-	-	-	-	-	-	F-nutrition	r2-fresh	seen
Dietary Fiber 4g 14%	unsupported	-	-	-	-	-	-	F-nutrition	r2-fresh	held
Vitamin D 2mcg 10%	unsupported	-	-	-	-	-	-	F-nutrition	r2-fresh	held
Calcium 260mg 20%	unsupported	-	-	-	-	-	-	F-nutrition	r2-fresh	held
Amount per serving	unsupported	-	-	-	-	-	-	F-nutrition	r2-fresh	held
Servings per container 8	unsupported	-	-	-	-	-	-	F-nutrition	r2-fresh	held
Serving size 2/3 cup (55g)	unsupported	-	-	-	-	-	-	F-nutrition	r2-fresh	held
Calories 230	unsupported	-	-	-	-	-	-	F-nutrition	r2-fresh	held
Riboflavin 0.3 mg	unsupported	-	-	-	-	-	-	F-nutrition	r2-fresh	held
Vit. C 12 mg	unsupported	-	-	-	-	-	-	F-nutrition	r2-fresh	seen
Carbs (net) 4 g	unsupported	-	-	-	-	-	-	F-nutrition	r2-fresh	seen
Energy: 980 kJ	unsupported	-	-	-	-	-	-	F-nutrition	r2-fresh	held
Monounsaturated Fat 6g	unsupported	-	-	-	-	-	-	F-nutrition	r2-fresh	held
Thiamine 0.2 mg (17% DV)	unsupported	-	-	-	-	-	-	F-nutrition	r2-fresh	held
Omega-3 fatty acids 1.1 g	unsupported	-	-	-	-	-	-	F-nutrition	r2-fresh	seen
Salt 0.8g	needs_review	-	-	-	-	-	S	F-nutrition	r2-fresh	held
Sugar 12 g	needs_review	-	-	-	-	-	S	F-nutrition	r2-fresh	held
1 scoop whey protein isolate	ready	whey protein isolate	1	scoop	-	-	-	F-nutrfood	r2-fresh	held
2 tbsp collagen peptides	ready	collagen peptides	2	tbsp	-	-	-	F-nutrfood	r2-fresh	held
1/2 cup fat-free sour cream	ready	fat-free sour cream	1/2	cup	-	-	-	F-nutrfood	r2-fresh	held
1 cup reduced-fat milk	ready	reduced-fat milk	1	cup	-	-	-	F-nutrfood	r2-fresh	held
1 cup sodium-free broth	ready	sodium-free broth	1	cup	-	-	-	F-nutrfood	r2-fresh	held
2 tbsp sugar-free maple syrup	ready	sugar-free maple syrup	2	tbsp	-	-	-	F-nutrfood	r2-fresh	held
Sugar 1 cup	ready	Sugar	1	cup	-	-	-	F-nutrfood	r2-fresh	held
Salt 2 tsp	ready	Salt	2	tsp	-	-	-	F-nutrfood	r2-fresh	held
Glucose syrup 50 g	ready	Glucose syrup	50	g	-	-	-	F-nutrfood	r2-fresh	held
1 cup high-fiber bran cereal	ready	high-fiber bran cereal	1	cup	-	-	-	F-nutrfood	r2-fresh	held
1 cup vitamin-enriched rice	ready	vitamin-enriched rice	1	cup	-	-	-	F-nutrfood	r2-fresh	held
1 bottle zero-sugar ginger ale	ready	zero-sugar ginger ale	1	bottle	-	-	-	F-nutrfood	r2-fresh	held
4 oz protein noodles	ready	protein noodles	4	oz	-	-	-	F-nutrfood	r2-fresh	held
2 low-carb tortillas	ready	low-carb tortillas	2	each	-	-	-	F-nutrfood	r2-fresh	held
2 tbsp caffeine-free cola syrup	ready	caffeine-free cola syrup	2	tbsp	-	-	-	F-nutrfood	r2-fresh	held
1 No. 10 can whole tomatoes	ready	whole tomatoes	1	can	-	-	-	F-can	r2-fresh	held
2 #2 cans sliced peaches	ready	sliced peaches	2	can	-	-	-	F-can	r2-fresh	held
1 #2½ can pumpkin purée	ready	pumpkin purée	1	can	-	-	-	F-can	r2-fresh	seen
3 No. 300 cans pork and beans	ready	pork and beans	3	can	-	-	-	F-can	r2-fresh	held
1 #5 can tomato juice	ready	tomato juice	1	can	-	-	-	F-can	r2-fresh	held
1 can (No. 2) sauerkraut	ready	sauerkraut	1	can	-	-	-	F-can	r2-fresh	held
2 No. 2 1/2 cans apricots	ready	apricots	2	can	-	-	-	F-can	r2-fresh	seen
1 #303 can creamed corn	ready	creamed corn	1	can	-	-	-	F-can	r2-fresh	held
1 (No. 303) can lima beans	ready	lima beans	1	can	-	-	-	F-can	r2-fresh	held
1 No. 1 tall can salmon	ready	salmon	1	can	-	-	D	F-can	r2-fresh	held
2 #10 cans peeled tomatoes, drained	ready	peeled tomatoes	2	can	-	-	-	F-can	r2-fresh	held
1 large (#2) can crushed pineapple	ready	crushed pineapple	1	can	-	-	-	F-can	r2-fresh	seen
Print Friendly Version	unsupported	-	-	-	-	-	-	F-furniture	r2-fresh	seen
Save Recipe to Collection	unsupported	-	-	-	-	-	-	F-furniture	r2-fresh	held
Pin It	unsupported	-	-	-	-	-	-	F-furniture	r2-fresh	held
Share on Pinterest	unsupported	-	-	-	-	-	-	F-furniture	r2-fresh	seen
Email This Recipe	unsupported	-	-	-	-	-	-	F-furniture	r2-fresh	held
Add to Grocery List	unsupported	-	-	-	-	-	-	F-furniture	r2-fresh	held
Read More	unsupported	-	-	-	-	-	-	F-furniture	r2-fresh	seen
Show Full Nutrition Label	unsupported	-	-	-	-	-	-	F-furniture	r2-fresh	held
Customize Servings	unsupported	-	-	-	-	-	-	F-furniture	r2-fresh	held
Convert to Metric	unsupported	-	-	-	-	-	-	F-furniture	r2-fresh	held
Recipe Card	unsupported	-	-	-	-	-	-	F-furniture	r2-fresh	held
Watch the Step-by-Step Video	unsupported	-	-	-	-	-	-	F-furniture	r2-fresh	held
Keep Screen Awake	unsupported	-	-	-	-	-	-	F-furniture	r2-fresh	seen
Sign up for our newsletter	unsupported	-	-	-	-	-	-	F-furniture	r2-fresh	held
Reader Interactions	unsupported	-	-	-	-	-	-	F-furniture	r2-fresh	held
Cook Time 1 hr	unsupported	-	-	-	-	-	-	F-furniture	r2-fresh	held
Prep: 5 mins Cook: 10 mins	unsupported	-	-	-	-	-	-	F-furniture	r2-fresh	held
Chill time: 30 minutes	unsupported	-	-	-	-	-	-	F-furniture	r2-fresh	held
Yield: 4 servings	unsupported	-	-	-	-	-	-	F-furniture	r2-fresh	held
Makes about 16	unsupported	-	-	-	-	-	-	F-furniture	r2-fresh	held
Serves 6 to 8 people	unsupported	-	-	-	-	-	-	F-furniture	r2-fresh	held
Difficulty: Easy	unsupported	-	-	-	-	-	-	F-furniture	r2-fresh	held
Simmer for 15 minutes, stirring occasionally.	unsupported	-	-	-	-	-	-	F-furniture	r2-fresh	held
Broil until golden, 2 to 3 minutes.	unsupported	-	-	-	-	-	-	F-furniture	r2-fresh	held
Poach the eggs in barely simmering water.	unsupported	-	-	-	-	-	-	F-furniture	r2-fresh	held
Char the peppers over an open flame.	unsupported	-	-	-	-	-	-	F-furniture	r2-fresh	held
Rest the dough for 30 minutes.	unsupported	-	-	-	-	-	-	F-furniture	r2-fresh	held
Stuff each pepper with the rice mixture.	unsupported	-	-	-	-	-	-	F-furniture	r2-fresh	held
Flip and cook 2 minutes more.	unsupported	-	-	-	-	-	-	F-furniture	r2-fresh	held
Pipe the frosting onto the cooled cupcakes.	unsupported	-	-	-	-	-	-	F-furniture	r2-fresh	held
Toast the bread until golden.	unsupported	-	-	-	-	-	-	F-furniture	r2-fresh	held
Top each bowl with a fried egg.	unsupported	-	-	-	-	-	-	F-furniture	r2-fresh	held
Brown the butter in a small saucepan.	unsupported	-	-	-	-	-	-	F-furniture	r2-fresh	held
Cool slightly, then slice.	unsupported	-	-	-	-	-	-	F-furniture	r2-fresh	seen
For the Pickled Onions:	unsupported	-	-	-	-	-	-	F-furniture	r2-fresh	held
Cake Frosting	unsupported	-	-	-	-	-	-	F-furniture	r2-fresh	held
Cookie Glaze	unsupported	-	-	-	-	-	-	F-furniture	r2-fresh	held
The Filling:	unsupported	-	-	-	-	-	-	F-furniture	r2-fresh	held
To Assemble	unsupported	-	-	-	-	-	D	F-furniture	r2-fresh	held
1/3 cup (6 tbsp) honey	needs_review	honey	1/3	cup	-	-	-	F-restate	r2-fresh	held
1/4 cup (5 tbsp) cocoa powder	needs_review	cocoa powder	1/4	cup	-	-	-	F-restate	r2-fresh	held
2 tbsp (1/8 cup) olive oil	ready	olive oil	2	tbsp	-	-	-	F-restate	r2-fresh	held
1/3 tsp (2 ml) almond extract	ready	almond extract	1/3	tsp	-	-	-	F-restate	r2-fresh	held
1/8 tsp (0.5 ml) cayenne pepper	needs_review	cayenne pepper	1/8	tsp	-	-	-	F-restate	r2-fresh	held
2 kg (4 lb) potatoes	ready	potatoes	2	kg	-	-	-	F-restate	r2-fresh	held
1.5 kg (3 lb) pork belly	ready	pork belly	3/2	kg	-	-	-	F-restate	r2-fresh	held
500 g (18 oz) ricotta	ready	ricotta	500	g	-	-	-	F-restate	r2-fresh	held
300 g (10 oz) frozen spinach	ready	frozen spinach	300	g	-	-	-	F-restate	r2-fresh	held
125 g (4 oz) unsalted butter	needs_review	unsalted butter	125	g	-	-	-	F-restate	r2-fresh	held
1 litre (34 fl oz) milk	ready	milk	1	l	-	-	-	F-restate	r2-fresh	held
500 ml (2 cups) stock	ready	stock	500	ml	-	-	-	F-restate	r2-fresh	held
200 ml (1 cup) cream	needs_review	cream	200	ml	-	-	-	F-restate	r2-fresh	held
100 ml (1/2 cup) olive oil	needs_review	olive oil	100	ml	-	-	-	F-restate	r2-fresh	held
1 pint (500 ml) whole milk	ready	whole milk	1	pint	-	-	-	F-restate	r2-fresh	held
1/2 lb (250 g) bacon	needs_review	bacon	1/2	lb	-	-	-	F-restate	r2-fresh	held
9 oz (250 g) mascarpone	ready	mascarpone	9	oz	-	-	-	F-restate	r2-fresh	held
3.5 oz (100 g) dark chocolate	ready	dark chocolate	7/2	oz	-	-	-	F-restate	r2-fresh	held
2 oz (50 g) pine nuts	needs_review	pine nuts	2	oz	-	-	-	F-restate	r2-fresh	held
5 oz (150 g) baby spinach	ready	baby spinach	5	oz	-	-	-	F-restate	r2-fresh	held
125 g / 4 oz caster sugar	needs_review	caster sugar	125	g	-	-	-	F-restate	r2-fresh	held
2 cups/500 ml vegetable stock	ready	vegetable stock	2	cup	-	-	-	F-restate	r2-fresh	held
1 lb./454 g ground lamb	ready	ground lamb	1	lb	-	-	-	F-restate	r2-fresh	held
3/4 cup (175 ml) buttermilk	ready	buttermilk	3/4	cup	-	-	-	F-restate	r2-fresh	held
2 tablespoons (28 g) butter	ready	butter	2	tbsp	-	-	-	F-restate	r2-fresh	held
2 400 g cans chopped tomatoes	ready	chopped tomatoes	2	can	400 g	-	-	F-quantity	r2-fresh	held
1 000 g potatoes	needs_review	potatoes	-	g	-	-	-	F-quantity	r2-fresh	held
a third of a cup maple syrup	ready	maple syrup	1/3	cup	-	-	D	F-quantity	r2-fresh	held
three-quarter pound ground turkey	ready	ground turkey	3/4	lb	-	-	-	F-quantity	r2-fresh	held
1 half-pint blueberries	ready	blueberries	1/2	pint	-	-	-	F-quantity	r2-fresh	held
4 x 125 g balls mozzarella	ready	mozzarella	4	ball	125 g	-	-	F-quantity	r2-fresh	held
tomatoes x 6	ready	tomatoes	6	each	-	-	-	F-quantity	r2-fresh	held
2 x 200 ml cartons coconut cream	ready	coconut cream	2	carton	200 ml	-	-	F-quantity	r2-fresh	held
1 1/2 to 2 cups stock	needs_review	stock	3/2..2	cup	-	-	-	F-quantity	r2-fresh	held
3 or 4 cloves garlic, sliced	needs_review	garlic	3..4	clove	-	-	-	F-quantity	r2-fresh	held
1 cup plus 1 tablespoon cake flour	ready	cake flour	17	tbsp	-	-	-	F-quantity	r2-fresh	held
2 lb 2 oz pork shoulder	ready	pork shoulder	34	oz	-	-	-	F-quantity	r2-fresh	held
1/2 cup minus 1 tsp sugar	ready	sugar	23	tsp	-	-	-	F-quantity	r2-fresh	held
about 1/4 cup fresh lime juice	ready	fresh lime juice|lime juice	1/4	cup	-	-	-	F-quantity	r2-fresh	held
~2 tbsp honey	ready	honey	2	tbsp	-	-	-	F-quantity	r2-fresh	held
